{"stats":{"minecraft:killed":{"minecraft:husk":1,"minecraft:pig":2,"minecraft:salmon":1,"minecraft:skeleton":4,"minecraft:zombie":1,"enemyexpansion:vampire":1},"minecraft:crafted":{"quark:azalea_planks":4,"minecraft:wooden_sword":1,"minecraft:oak_planks":4,"minecraft:crafting_table":1,"minecraft:wooden_pickaxe":1,"minecraft:jungle_planks":4,"minecraft:stick":8,"quark:oak_chest":1,"minecraft:wooden_axe":1,"minecraft:stone_sword":1},"minecraft:dropped":{"minecraft:stone_sword":1,"alexsmobs:animal_dictionary":1,"minecraft:golden_pickaxe":1,"aether:golden_gloves":1,"minecraft:raw_iron":9,"minecraft:oak_planks":12,"minecraft:granite":1,"minecraft:lime_bed":1,"minecraft:ink_sac":2,"minecraft:wooden_axe":1,"minecraft:cut_sandstone":1,"tombstone:grave_dust":2,"minecraft:wooden_sword":1,"minecraft:sand":1,"minecraft:wooden_pickaxe":1,"minecraft:bone":2},"minecraft:broken":{"aether:golden_gloves":1},"minecraft:killed_by":{"minecraft:husk":1,"creeperoverhaul:cave_creeper":1},"minecraft:custom":{"minecraft:mob_kills":12,"minecraft:interact_with_crafting_table":7,"minecraft:open_barrel":3,"minecraft:time_since_death":797,"minecraft:sleep_in_bed":4,"minecraft:climb_one_cm":1555,"minecraft:time_since_rest":115,"minecraft:sprint_one_cm":125046,"minecraft:damage_taken":1120,"minecraft:walk_one_cm":65559,"minecraft:damage_blocked_by_shield":110,"minecraft:drop":16,"minecraft:damage_dealt":1946,"minecraft:swim_one_cm":22895,"minecraft:fly_one_cm":202405,"minecraft:open_chest":9,"minecraft:crouch_one_cm":3297,"minecraft:play_time":58354,"tombstone:undead_killed":7,"minecraft:deaths":2,"minecraft:sneak_time":1423,"minecraft:walk_under_water_one_cm":5716,"minecraft:boat_one_cm":20647,"minecraft:jump":958,"minecraft:interact_with_blast_furnace":2,"minecraft:walk_on_water_one_cm":6967,"minecraft:total_world_time":58354,"minecraft:fall_one_cm":26185},"minecraft:picked_up":{"minecraft:wooden_axe":1,"minecraft:iron_chestplate":1,"minecraft:lime_bed":4,"minecraft:crafting_table":1,"minecraft:salmon":1,"minecraft:jungle_log":1,"minecraft:cut_sandstone":1,"minecraft:potion":3,"minecraft:flint":1,"minecraft:oak_log":2,"quark:azalea_log":1,"minecraft:gunpowder":2,"minecraft:shield":1,"minecraft:lapis_lazuli":29,"minecraft:dirt":1,"minecraft:string":2,"minecraft:orange_terracotta":1,"artifacts:shock_pendant":1,"minecraft:bone":2,"minecraft:red_sand":5,"minecraft:cobbled_deepslate":8,"minecraft:stone_pickaxe":1,"minecraft:rose_bush":1,"minecraft:calcite":3,"minecraft:bamboo":3,"minecraft:chest":1,"minecraft:mangrove_planks":1,"minecraft:oak_planks":37,"minecraft:raw_iron":40,"minecraft:stick":1,"iceandfire:dragonbone":18,"minecraft:sandstone":5,"iceandfire:dragon_skull_fire":2,"minecraft:porkchop":5,"minecraft:sand":5,"tombstone:grave_dust":2,"minecraft:ink_sac":2,"aether:golden_gloves":2,"minecraft:dark_oak_planks":1,"minecraft:stone_sword":1,"minecraft:blue_terracotta":1,"minecraft:rotten_flesh":4,"minecraft:granite":1,"minecraft:bread":13,"tombstone:magic_scroll":1,"minecraft:coal":7,"minecraft:cobblestone":20},"minecraft:mined":{"minecraft:cut_sandstone":1,"quark:azalea_log":1,"minecraft:crafting_table":1,"minecraft:red_sand":6,"minecraft:grass_block":1,"minecraft:calcite":2,"minecraft:chest":1,"minecraft:rose_bush":1,"minecraft:jungle_log":1,"minecraft:dead_bush":3,"minecraft:cobblestone":2,"minecraft:sandstone":6,"minecraft:spawner":1,"minecraft:lime_bed":5,"minecraft:blue_terracotta":1,"minecraft:iron_ore":29,"minecraft:mangrove_planks":1,"minecraft:deepslate_lapis_ore":5,"minecraft:grass":2,"minecraft:coal_ore":7,"minecraft:oak_log":2,"minecraft:deepslate_iron_ore":11,"minecraft:sand":5,"minecraft:stone":10,"minecraft:oak_leaves":2,"minecraft:fern":1,"minecraft:deepslate":9,"minecraft:dark_oak_planks":1},"minecraft:used":{"minecraft:blue_terracotta":1,"minecraft:red_sand":5,"minecraft:stone_sword":39,"minecraft:stone_pickaxe":87,"minecraft:oak_planks":5,"minecraft:shield":3,"minecraft:sandstone":5,"minecraft:rotten_flesh":2,"minecraft:salmon":1,"minecraft:sand":4,"quark:azalea_planks":3,"minecraft:lime_bed":3,"minecraft:crafting_table":2,"minecraft:carrot":5,"minecraft:oak_log":1,"minecraft:wooden_axe":10,"minecraft:bread":13,"minecraft:cobblestone":8,"quark:oak_chest":1,"minecraft:orange_terracotta":1}},"DataVersion":3465}