{"stats":{"minecraft:killed":{"minecraft:spider":2,"minecraft:skeleton":6,"mowziesmobs:umvuthana_crane":4,"mowziesmobs:umvuthana":5,"minecraft:husk":1,"minecraft:pig":4,"minecraft:salmon":1,"minecraft:zombie":4,"enemyexpansion:vampire":1,"minecraft:cow":3},"minecraft:crafted":{"minecraft:wooden_sword":1,"minecraft:oak_planks":4,"minecraft:iron_axe":1,"minecraft:dark_oak_planks":4,"quark:azalea_planks":4,"minecraft:crafting_table":3,"minecraft:wooden_pickaxe":1,"minecraft:bucket":1,"minecraft:jungle_planks":4,"minecraft:stick":8,"quark:oak_chest":1,"minecraft:iron_pickaxe":1,"minecraft:wooden_axe":1,"minecraft:stone_sword":1},"minecraft:dropped":{"minecraft:enchanted_book":1,"minecraft:bread":14,"minecraft:dark_oak_stairs":1,"minecraft:wheat_seeds":3,"minecraft:stripped_mangrove_wood":6,"minecraft:golden_pickaxe":1,"minecraft:dark_oak_slab":2,"mowziesmobs:umvuthana_mask_faith":1,"minecraft:feather":13,"mowziesmobs:umvuthana_mask_fear":1,"minecraft:granite":1,"minecraft:mangrove_planks":1,"minecraft:spruce_stairs":2,"minecraft:flint":1,"minecraft:dirt":1,"minecraft:ink_sac":2,"iceandfire:copper_nugget":28,"minecraft:dark_oak_trapdoor":1,"minecraft:wooden_axe":2,"minecraft:rose_bush":1,"minecraft:cut_sandstone":1,"tombstone:grave_dust":3,"minecraft:potion":1,"minecraft:wooden_sword":1,"minecraft:sand":16,"minecraft:string":4,"minecraft:dark_oak_planks":2,"iceandfire:dragon_skull_fire":1,"minecraft:dandelion":1,"minecraft:bone":3,"quark:azalea_planks":1,"mowziesmobs:umvuthana_mask_rage":1,"minecraft:stone_sword":2,"alexsmobs:animal_dictionary":1,"aether:golden_gloves":1,"minecraft:raw_iron":9,"minecraft:rotten_flesh":4,"minecraft:oak_planks":13,"minecraft:lime_bed":1,"minecraft:gunpowder":2,"minecraft:spruce_planks":1,"minecraft:leather_leggings":1,"minecraft:wooden_pickaxe":1,"minecraft:calcite":5},"minecraft:broken":{"aether:golden_gloves":1,"minecraft:stone_pickaxe":1},"minecraft:killed_by":{"minecraft:husk":1,"mowziesmobs:umvuthi":8,"creeperoverhaul:cave_creeper":1,"mowziesmobs:umvuthana":1},"minecraft:custom":{"minecraft:mob_kills":38,"minecraft:interact_with_crafting_table":10,"minecraft:open_barrel":8,"minecraft:damage_dealt_resisted":205,"minecraft:eat_cake_slice":4,"minecraft:time_since_death":14631,"minecraft:climb_one_cm":3974,"minecraft:sprint_one_cm":261239,"minecraft:walk_one_cm":150948,"minecraft:damage_blocked_by_shield":450,"minecraft:drop":56,"minecraft:play_time":94354,"minecraft:deaths":12,"minecraft:sneak_time":2346,"minecraft:walk_under_water_one_cm":7664,"minecraft:boat_one_cm":20647,"minecraft:jump":1866,"minecraft:interact_with_blast_furnace":4,"minecraft:walk_on_water_one_cm":23484,"minecraft:total_world_time":94354,"minecraft:interact_with_furnace":1,"minecraft:sleep_in_bed":8,"minecraft:time_since_rest":5034,"minecraft:damage_taken":4357,"minecraft:damage_dealt":7861,"minecraft:swim_one_cm":24563,"minecraft:fly_one_cm":448584,"minecraft:open_chest":12,"minecraft:crouch_one_cm":5536,"tombstone:undead_killed":12,"minecraft:fall_one_cm":46336},"minecraft:picked_up":{"minecraft:wooden_axe":1,"iceandfire:dragon_skull_lightning":1,"minecraft:crafting_table":2,"minecraft:iron_chestplate":1,"minecraft:enchanted_book":1,"minecraft:potion":3,"quark:azalea_log":1,"minecraft:shield":2,"mutantmonsters:mutant_skeleton_skull":1,"minecraft:string":7,"minecraft:dark_oak_trapdoor":1,"minecraft:gold_nugget":36,"minecraft:red_sand":5,"minecraft:cobbled_deepslate":8,"minecraft:spruce_planks":1,"minecraft:rose_bush":1,"minecraft:calcite":5,"minecraft:chest":1,"minecraft:sandstone":5,"iceandfire:dragonbone":23,"minecraft:stick":1,"minecraft:raw_iron":40,"minecraft:stripped_mangrove_wood":6,"minecraft:spruce_stairs":2,"minecraft:porkchop":8,"tombstone:grave_dust":2,"aether:golden_gloves":2,"mutantmonsters:mutant_skeleton_pelvis":1,"minecraft:dark_oak_planks":4,"mowziesmobs:umvuthana_mask_faith":2,"minecraft:stone_sword":1,"minecraft:arrow":4,"minecraft:rotten_flesh":6,"minecraft:diamond_boots":1,"mutantmonsters:mutant_skeleton_rib":6,"minecraft:stripped_dark_oak_wood":1,"minecraft:gold_ingot":2,"mutantmonsters:mutant_skeleton_shoulder_pad":2,"minecraft:skeleton_skull":1,"minecraft:cobblestone":23,"minecraft:lime_bed":10,"minecraft:feather":10,"minecraft:jungle_log":1,"minecraft:salmon":1,"minecraft:leather":2,"minecraft:cut_sandstone":1,"minecraft:flint":1,"minecraft:oak_log":2,"minecraft:gunpowder":2,"mutantmonsters:mutant_skeleton_limb":7,"minecraft:lapis_lazuli":29,"minecraft:dirt":1,"artifacts:shock_pendant":1,"minecraft:orange_terracotta":1,"minecraft:bone":3,"mowziesmobs:umvuthana_mask_rage":1,"minecraft:wheat_seeds":3,"minecraft:iron_ingot":8,"minecraft:stone_pickaxe":1,"minecraft:bamboo":3,"minecraft:mangrove_planks":1,"minecraft:iron_sword":1,"minecraft:oak_planks":38,"minecraft:dark_oak_stairs":1,"iceandfire:copper_nugget":28,"minecraft:dark_oak_slab":2,"minecraft:dandelion":1,"iceandfire:dragon_skull_fire":2,"minecraft:sand":20,"minecraft:ink_sac":2,"minecraft:blue_terracotta":1,"minecraft:granite":1,"minecraft:bread":13,"mowziesmobs:umvuthana_mask_fear":1,"tombstone:magic_scroll":1,"iceandfire:silver_nugget":10,"minecraft:coal":19},"minecraft:mined":{"minecraft:dark_oak_planks":4,"quark:azalea_log":1,"iceandfire:copper_pile":4,"minecraft:red_sand":6,"minecraft:grass_block":1,"minecraft:jungle_log":1,"minecraft:sandstone":6,"minecraft:spawner":2,"minecraft:dark_oak_trapdoor":1,"minecraft:iron_ore":29,"minecraft:deepslate_lapis_ore":5,"minecraft:stripped_dark_oak_wood":1,"minecraft:dark_oak_stairs":1,"iceandfire:gold_pile":6,"minecraft:deepslate_iron_ore":11,"minecraft:stone":11,"minecraft:stripped_mangrove_wood":4,"minecraft:cut_sandstone":1,"minecraft:crafting_table":2,"minecraft:calcite":4,"minecraft:chest":1,"minecraft:dead_bush":3,"minecraft:rose_bush":1,"minecraft:tall_grass":4,"minecraft:cobblestone":4,"minecraft:spruce_stairs":2,"minecraft:lime_bed":11,"minecraft:blue_terracotta":1,"minecraft:mangrove_planks":1,"minecraft:grass":29,"iceandfire:silver_pile":3,"minecraft:oak_log":2,"minecraft:coal_ore":23,"minecraft:sand":15,"minecraft:stone_bricks":2,"minecraft:oak_leaves":2,"minecraft:deepslate":9,"minecraft:fern":1},"minecraft:used":{"minecraft:blue_terracotta":1,"minecraft:stone_sword":128,"minecraft:red_sand":5,"minecraft:shield":59,"minecraft:iron_sword":45,"minecraft:rotten_flesh":2,"minecraft:carrot":8,"minecraft:dark_oak_planks":2,"minecraft:wooden_axe":19,"mowziesmobs:umvuthana_mask_faith":1,"minecraft:iron_axe":38,"tombstone:gift":2,"minecraft:skeleton_skull":1,"minecraft:cobbled_deepslate":8,"minecraft:orange_terracotta":1,"minecraft:iron_leggings":1,"minecraft:water_bucket":9,"minecraft:diamond_boots":1,"minecraft:stone_pickaxe":111,"minecraft:oak_planks":5,"minecraft:sandstone":5,"minecraft:salmon":1,"minecraft:sand":4,"quark:azalea_planks":3,"minecraft:crafting_table":4,"minecraft:lime_bed":9,"minecraft:oak_log":1,"minecraft:bread":15,"minecraft:iron_pickaxe":2,"tombstone:magic_scroll":2,"minecraft:cobblestone":24,"minecraft:bucket":10,"minecraft:pumpkin_pie":15,"quark:oak_chest":1}},"DataVersion":3465}