{"stats":{"minecraft:killed":{"minecraft:spider":2,"enemyexpansion:direwolf":1,"minecraft:skeleton":7,"mowziesmobs:umvuthana_crane":4,"mowziesmobs:umvuthana":5,"minecraft:husk":1,"minecraft:pig":4,"minecraft:salmon":1,"enemyexpansion:sprinter":1,"iceandfire:ghost":1,"minecraft:zombie":6,"enemyexpansion:vampire":1,"minecraft:cow":8},"minecraft:crafted":{"mutantmonsters:mutant_skeleton_leggings":1,"minecraft:jungle_button":2,"minecraft:wooden_sword":1,"minecraft:oak_planks":16,"mutantmonsters:mutant_skeleton_chestplate":1,"mutantmonsters:mutant_skeleton_arms":1,"minecraft:iron_axe":1,"mutantmonsters:mutant_skeleton_boots":1,"mutantmonsters:mutant_skeleton_rib_cage":1,"minecraft:dark_oak_planks":4,"sophisticatedbackpacks:iron_backpack":1,"quark:azalea_planks":4,"sophisticatedbackpacks:backpack":1,"minecraft:crafting_table":6,"minecraft:wooden_pickaxe":1,"sophisticatedbackpacks:gold_backpack":1,"minecraft:bucket":1,"minecraft:bread":8,"minecraft:jungle_planks":16,"minecraft:wooden_hoe":1,"minecraft:stick":12,"quark:oak_chest":1,"minecraft:iron_pickaxe":1,"minecraft:wooden_axe":1,"minecraft:stone_sword":1,"minecraft:gold_ingot":83},"minecraft:dropped":{"minecraft:enchanted_book":1,"minecraft:bread":14,"minecraft:dark_oak_stairs":1,"minecraft:stripped_mangrove_wood":6,"minecraft:wheat_seeds":70,"minecraft:golden_pickaxe":1,"minecraft:dark_oak_slab":2,"mowziesmobs:umvuthana_mask_faith":1,"minecraft:feather":13,"mowziesmobs:umvuthana_mask_fear":1,"minecraft:leather":1,"minecraft:granite":1,"minecraft:mangrove_planks":1,"minecraft:spruce_stairs":2,"mutantmonsters:mutant_skeleton_shoulder_pad":1,"minecraft:item_frame":1,"minecraft:flint":1,"minecraft:emerald":1,"minecraft:dirt":3,"minecraft:ink_sac":2,"iceandfire:copper_nugget":28,"iceandfire:armor_red_boots":1,"minecraft:dark_oak_trapdoor":1,"minecraft:wooden_axe":2,"minecraft:rose_bush":1,"minecraft:cut_sandstone":1,"tombstone:grave_dust":3,"minecraft:potion":1,"minecraft:wooden_sword":1,"minecraft:sand":16,"minecraft:dark_oak_planks":2,"minecraft:string":4,"iceandfire:dragon_skull_fire":1,"minecraft:dandelion":1,"minecraft:bone":3,"iceandfire:armor_red_chestplate":1,"mowziesmobs:umvuthana_mask_rage":1,"quark:azalea_planks":1,"mutantmonsters:mutant_skeleton_pelvis":1,"minecraft:stone_sword":2,"alexsmobs:animal_dictionary":1,"aether:golden_gloves":1,"minecraft:raw_iron":9,"minecraft:rotten_flesh":4,"minecraft:oak_planks":13,"minecraft:lime_bed":1,"minecraft:gunpowder":2,"minecraft:spruce_planks":1,"mutantmonsters:mutant_skeleton_limb":3,"minecraft:leather_leggings":1,"minecraft:arrow":9,"minecraft:bow":1,"minecraft:wooden_pickaxe":1,"minecraft:calcite":5,"mutantmonsters:mutant_skeleton_rib":5,"mutantmonsters:mutant_skeleton_skull":1},"minecraft:broken":{"aether:golden_gloves":1,"minecraft:stone_pickaxe":1},"minecraft:killed_by":{"minecraft:husk":1,"mowziesmobs:umvuthi":8,"creeperoverhaul:cave_creeper":1,"mowziesmobs:umvuthana":1,"iceandfire:fire_dragon":3},"minecraft:custom":{"minecraft:mob_kills":51,"minecraft:interact_with_crafting_table":33,"minecraft:open_barrel":10,"minecraft:damage_dealt_resisted":205,"minecraft:eat_cake_slice":4,"minecraft:leave_game":1,"minecraft:time_since_death":30522,"minecraft:climb_one_cm":3974,"minecraft:sprint_one_cm":413398,"minecraft:walk_one_cm":222878,"minecraft:damage_blocked_by_shield":500,"minecraft:drop":73,"minecraft:talked_to_villager":2,"minecraft:play_time":142149,"minecraft:sneak_time":2571,"minecraft:deaths":15,"minecraft:walk_under_water_one_cm":11808,"minecraft:boat_one_cm":20647,"minecraft:jump":2974,"minecraft:interact_with_blast_furnace":8,"minecraft:walk_on_water_one_cm":41141,"minecraft:total_world_time":142149,"minecraft:interact_with_furnace":4,"minecraft:sleep_in_bed":10,"minecraft:time_since_rest":19695,"minecraft:damage_taken":5900,"minecraft:damage_dealt":10731,"minecraft:swim_one_cm":58617,"minecraft:fly_one_cm":841251,"minecraft:open_chest":39,"minecraft:crouch_one_cm":6219,"tombstone:undead_killed":17,"minecraft:fall_one_cm":93219},"minecraft:picked_up":{"minecraft:wooden_axe":1,"iceandfire:dragon_skull_lightning":1,"minecraft:iron_chestplate":1,"minecraft:crafting_table":4,"minecraft:wheat":30,"minecraft:potion":3,"minecraft:enchanted_book":1,"quark:azalea_log":1,"minecraft:shield":2,"minecraft:string":8,"minecraft:dark_oak_trapdoor":1,"mutantmonsters:mutant_skeleton_skull":2,"minecraft:item_frame":1,"minecraft:red_sand":5,"minecraft:gold_nugget":748,"minecraft:cobbled_deepslate":8,"minecraft:spruce_planks":1,"minecraft:beef":12,"minecraft:rose_bush":1,"minecraft:calcite":5,"minecraft:chest":2,"minecraft:egg":1,"minecraft:furnace":1,"iceandfire:dragonbone":23,"minecraft:stick":1,"minecraft:raw_iron":40,"minecraft:sandstone":5,"minecraft:stripped_mangrove_wood":6,"minecraft:spruce_stairs":2,"minecraft:porkchop":8,"tombstone:grave_dust":3,"aether:golden_gloves":2,"mutantmonsters:mutant_skeleton_pelvis":2,"minecraft:dark_oak_planks":4,"mowziesmobs:umvuthana_mask_faith":2,"minecraft:stone_sword":1,"minecraft:arrow":5,"minecraft:rotten_flesh":7,"minecraft:diamond_boots":1,"minecraft:hay_block":11,"minecraft:stripped_dark_oak_wood":1,"mutantmonsters:mutant_skeleton_rib":11,"minecraft:gold_ingot":14,"mutantmonsters:mutant_skeleton_shoulder_pad":3,"minecraft:skeleton_skull":1,"minecraft:cobblestone":23,"minecraft:lime_bed":11,"minecraft:feather":10,"minecraft:salmon":1,"minecraft:jungle_log":4,"minecraft:cut_sandstone":1,"minecraft:leather":8,"iceandfire:armor_red_chestplate":1,"minecraft:flint":1,"minecraft:oak_log":115,"iceandfire:ectoplasm":3,"minecraft:gunpowder":2,"minecraft:lapis_lazuli":29,"mutantmonsters:mutant_skeleton_limb":12,"minecraft:dirt":6,"minecraft:orange_terracotta":1,"artifacts:shock_pendant":1,"minecraft:bone":3,"mowziesmobs:umvuthana_mask_rage":1,"minecraft:bow":2,"minecraft:wheat_seeds":87,"minecraft:iron_ingot":18,"minecraft:stone_pickaxe":1,"minecraft:bamboo":3,"minecraft:mangrove_planks":1,"minecraft:iron_sword":1,"minecraft:oak_planks":44,"minecraft:dark_oak_stairs":1,"iceandfire:copper_nugget":28,"minecraft:dark_oak_slab":2,"minecraft:dandelion":1,"iceandfire:dragon_skull_fire":2,"minecraft:sand":20,"minecraft:jungle_planks":2,"iceandfire:armor_red_boots":1,"minecraft:blast_furnace":1,"minecraft:ink_sac":2,"minecraft:blue_terracotta":1,"minecraft:granite":1,"minecraft:bread":13,"minecraft:emerald":1,"mowziesmobs:umvuthana_mask_fear":1,"tombstone:magic_scroll":1,"iceandfire:silver_nugget":10,"minecraft:coal":19},"minecraft:mined":{"quark:azalea_log":1,"iceandfire:copper_pile":4,"minecraft:red_sand":6,"minecraft:grass_block":2,"minecraft:jungle_planks":2,"minecraft:jungle_log":1,"minecraft:sandstone":6,"minecraft:hay_block":11,"minecraft:spawner":2,"minecraft:furnace":1,"minecraft:dark_oak_trapdoor":1,"minecraft:iron_ore":29,"minecraft:fire":1,"minecraft:deepslate_lapis_ore":5,"minecraft:stripped_dark_oak_wood":1,"minecraft:dark_oak_stairs":1,"minecraft:deepslate_iron_ore":11,"iceandfire:gold_pile":60,"minecraft:stripped_mangrove_wood":4,"minecraft:stone":11,"minecraft:cut_sandstone":1,"minecraft:crafting_table":4,"minecraft:blast_furnace":1,"minecraft:calcite":4,"minecraft:chest":2,"minecraft:rose_bush":1,"minecraft:dead_bush":3,"minecraft:tall_grass":11,"minecraft:cobblestone":4,"minecraft:oak_planks":6,"minecraft:spruce_stairs":2,"minecraft:lime_bed":12,"minecraft:blue_terracotta":1,"minecraft:wheat":31,"minecraft:mangrove_planks":1,"minecraft:grass":41,"minecraft:coal_ore":23,"minecraft:oak_log":115,"iceandfire:silver_pile":3,"minecraft:sand":15,"minecraft:dirt":1,"minecraft:stone_bricks":2,"minecraft:oak_leaves":6,"minecraft:deepslate":9,"minecraft:fern":1,"minecraft:dark_oak_planks":4},"minecraft:used":{"minecraft:blue_terracotta":1,"minecraft:stone_sword":128,"minecraft:red_sand":5,"minecraft:chest":3,"minecraft:shield":62,"minecraft:iron_sword":101,"minecraft:rotten_flesh":3,"minecraft:jungle_planks":2,"minecraft:carrot":25,"minecraft:dark_oak_planks":2,"minecraft:wooden_axe":19,"mowziesmobs:umvuthana_mask_faith":1,"minecraft:iron_axe":174,"tombstone:gift":2,"minecraft:skeleton_skull":1,"minecraft:cobbled_deepslate":8,"minecraft:orange_terracotta":1,"minecraft:iron_leggings":1,"minecraft:water_bucket":15,"minecraft:diamond_boots":1,"minecraft:stone_pickaxe":111,"minecraft:oak_planks":12,"minecraft:sandstone":5,"minecraft:salmon":1,"minecraft:sand":4,"quark:azalea_planks":3,"minecraft:lime_bed":10,"minecraft:crafting_table":9,"minecraft:blast_furnace":1,"minecraft:oak_log":1,"minecraft:wooden_hoe":12,"minecraft:iron_pickaxe":4,"minecraft:bread":31,"tombstone:magic_scroll":2,"minecraft:cobblestone":24,"minecraft:bucket":16,"minecraft:pumpkin_pie":15,"quark:oak_chest":1}},"DataVersion":3465}