{"stats":{"minecraft:killed":{"minecraft:salmon":1,"minecraft:zombie":1},"minecraft:crafted":{"quark:azalea_planks":4,"minecraft:wooden_sword":1,"minecraft:oak_planks":4,"minecraft:crafting_table":1,"minecraft:wooden_pickaxe":1,"minecraft:stick":8,"quark:oak_chest":1,"minecraft:wooden_axe":1,"minecraft:stone_sword":1},"minecraft:dropped":{"alexsmobs:animal_dictionary":1,"aether:golden_gloves":1,"minecraft:raw_iron":9,"minecraft:lime_bed":1,"minecraft:wooden_sword":1,"minecraft:wooden_pickaxe":1},"minecraft:custom":{"minecraft:mob_kills":3,"minecraft:interact_with_crafting_table":7,"minecraft:time_since_death":34354,"minecraft:sleep_in_bed":3,"minecraft:climb_one_cm":514,"minecraft:time_since_rest":17129,"minecraft:sprint_one_cm":56518,"minecraft:damage_taken":280,"minecraft:walk_one_cm":27518,"minecraft:drop":6,"minecraft:damage_dealt":404,"minecraft:swim_one_cm":16777,"minecraft:fly_one_cm":129398,"minecraft:open_chest":8,"minecraft:crouch_one_cm":2265,"minecraft:play_time":34354,"tombstone:undead_killed":1,"minecraft:sneak_time":770,"minecraft:walk_under_water_one_cm":3753,"minecraft:jump":557,"minecraft:walk_on_water_one_cm":5129,"minecraft:total_world_time":34354,"minecraft:fall_one_cm":17833},"minecraft:picked_up":{"minecraft:lime_bed":4,"minecraft:crafting_table":1,"minecraft:salmon":1,"minecraft:jungle_log":1,"minecraft:cut_sandstone":1,"minecraft:oak_log":2,"quark:azalea_log":1,"minecraft:orange_terracotta":1,"artifacts:shock_pendant":1,"minecraft:red_sand":5,"minecraft:cobbled_deepslate":5,"minecraft:stone_pickaxe":1,"minecraft:oak_planks":37,"minecraft:raw_iron":9,"minecraft:stick":1,"iceandfire:dragonbone":18,"minecraft:sandstone":5,"iceandfire:dragon_skull_fire":2,"minecraft:sand":4,"minecraft:ink_sac":2,"aether:golden_gloves":2,"minecraft:blue_terracotta":1,"minecraft:rotten_flesh":2,"minecraft:bread":9,"minecraft:cobblestone":16},"minecraft:mined":{"minecraft:cut_sandstone":1,"quark:azalea_log":1,"minecraft:crafting_table":1,"minecraft:red_sand":6,"minecraft:jungle_log":1,"minecraft:dead_bush":3,"minecraft:sandstone":6,"minecraft:lime_bed":5,"minecraft:blue_terracotta":1,"minecraft:iron_ore":5,"minecraft:grass":1,"minecraft:oak_log":2,"minecraft:deepslate_iron_ore":2,"minecraft:sand":5,"minecraft:stone":9,"minecraft:oak_leaves":2,"minecraft:deepslate":2},"minecraft:used":{"minecraft:blue_terracotta":1,"minecraft:red_sand":5,"minecraft:stone_sword":5,"minecraft:stone_pickaxe":28,"minecraft:oak_planks":5,"minecraft:sandstone":5,"minecraft:salmon":1,"minecraft:sand":4,"quark:azalea_planks":3,"minecraft:lime_bed":2,"minecraft:crafting_table":2,"minecraft:oak_log":1,"minecraft:wooden_axe":7,"minecraft:bread":7,"quark:oak_chest":1,"minecraft:orange_terracotta":1}},"DataVersion":3465}