{"stats":{"minecraft:killed":{"minecraft:spider":2,"minecraft:skeleton":6,"mowziesmobs:umvuthana_crane":4,"mowziesmobs:umvuthana":5,"minecraft:husk":1,"minecraft:pig":4,"minecraft:salmon":1,"minecraft:zombie":5,"enemyexpansion:vampire":1,"minecraft:cow":5},"minecraft:crafted":{"minecraft:wooden_sword":1,"minecraft:oak_planks":4,"mutantmonsters:mutant_skeleton_chestplate":1,"mutantmonsters:mutant_skeleton_arms":1,"minecraft:iron_axe":1,"mutantmonsters:mutant_skeleton_rib_cage":1,"minecraft:dark_oak_planks":4,"sophisticatedbackpacks:iron_backpack":1,"quark:azalea_planks":4,"sophisticatedbackpacks:backpack":1,"minecraft:crafting_table":3,"minecraft:wooden_pickaxe":1,"sophisticatedbackpacks:gold_backpack":1,"minecraft:bucket":1,"minecraft:jungle_planks":4,"minecraft:stick":8,"quark:oak_chest":1,"minecraft:iron_pickaxe":1,"minecraft:wooden_axe":1,"minecraft:stone_sword":1,"mutantmonsters:mutant_skeleton_leggings":1},"minecraft:dropped":{"minecraft:enchanted_book":1,"minecraft:bread":14,"minecraft:dark_oak_stairs":1,"minecraft:wheat_seeds":70,"minecraft:stripped_mangrove_wood":6,"minecraft:golden_pickaxe":1,"minecraft:dark_oak_slab":2,"mowziesmobs:umvuthana_mask_faith":1,"minecraft:feather":13,"mowziesmobs:umvuthana_mask_fear":1,"minecraft:leather":1,"minecraft:granite":1,"minecraft:mangrove_planks":1,"minecraft:spruce_stairs":2,"minecraft:flint":1,"minecraft:dirt":1,"minecraft:ink_sac":2,"iceandfire:copper_nugget":28,"minecraft:dark_oak_trapdoor":1,"minecraft:wooden_axe":2,"minecraft:rose_bush":1,"minecraft:cut_sandstone":1,"tombstone:grave_dust":3,"minecraft:potion":1,"minecraft:wooden_sword":1,"minecraft:sand":16,"minecraft:string":4,"minecraft:dark_oak_planks":2,"iceandfire:dragon_skull_fire":1,"minecraft:dandelion":1,"minecraft:bone":3,"quark:azalea_planks":1,"mowziesmobs:umvuthana_mask_rage":1,"minecraft:stone_sword":2,"alexsmobs:animal_dictionary":1,"aether:golden_gloves":1,"minecraft:raw_iron":9,"minecraft:rotten_flesh":4,"minecraft:oak_planks":13,"minecraft:lime_bed":1,"minecraft:gunpowder":2,"minecraft:spruce_planks":1,"minecraft:leather_leggings":1,"minecraft:arrow":8,"minecraft:wooden_pickaxe":1,"minecraft:calcite":5},"minecraft:broken":{"aether:golden_gloves":1,"minecraft:stone_pickaxe":1},"minecraft:killed_by":{"minecraft:husk":1,"mowziesmobs:umvuthi":8,"creeperoverhaul:cave_creeper":1,"mowziesmobs:umvuthana":1},"minecraft:custom":{"minecraft:mob_kills":41,"minecraft:interact_with_crafting_table":21,"minecraft:open_barrel":8,"minecraft:damage_dealt_resisted":205,"minecraft:eat_cake_slice":4,"minecraft:time_since_death":26631,"minecraft:climb_one_cm":3974,"minecraft:sprint_one_cm":304053,"minecraft:walk_one_cm":171562,"minecraft:damage_blocked_by_shield":450,"minecraft:drop":60,"minecraft:play_time":106354,"minecraft:deaths":12,"minecraft:sneak_time":2387,"minecraft:walk_under_water_one_cm":7773,"minecraft:boat_one_cm":20647,"minecraft:jump":1986,"minecraft:interact_with_blast_furnace":8,"minecraft:walk_on_water_one_cm":24469,"minecraft:total_world_time":106354,"minecraft:interact_with_furnace":4,"minecraft:sleep_in_bed":9,"minecraft:time_since_rest":2963,"minecraft:damage_taken":4367,"minecraft:damage_dealt":8351,"minecraft:swim_one_cm":31146,"minecraft:fly_one_cm":488038,"minecraft:open_chest":14,"minecraft:crouch_one_cm":5579,"tombstone:undead_killed":13,"minecraft:fall_one_cm":46756},"minecraft:picked_up":{"minecraft:wooden_axe":1,"iceandfire:dragon_skull_lightning":1,"minecraft:crafting_table":4,"minecraft:iron_chestplate":1,"minecraft:wheat":25,"minecraft:enchanted_book":1,"minecraft:potion":3,"quark:azalea_log":1,"minecraft:shield":2,"mutantmonsters:mutant_skeleton_skull":1,"minecraft:string":8,"minecraft:dark_oak_trapdoor":1,"minecraft:gold_nugget":36,"minecraft:red_sand":5,"minecraft:cobbled_deepslate":8,"minecraft:spruce_planks":1,"minecraft:beef":5,"minecraft:rose_bush":1,"minecraft:calcite":5,"minecraft:chest":2,"minecraft:furnace":1,"minecraft:sandstone":5,"iceandfire:dragonbone":23,"minecraft:stick":1,"minecraft:raw_iron":40,"minecraft:stripped_mangrove_wood":6,"minecraft:spruce_stairs":2,"minecraft:porkchop":8,"tombstone:grave_dust":2,"aether:golden_gloves":2,"mutantmonsters:mutant_skeleton_pelvis":1,"minecraft:dark_oak_planks":4,"mowziesmobs:umvuthana_mask_faith":2,"minecraft:stone_sword":1,"minecraft:arrow":4,"minecraft:rotten_flesh":6,"minecraft:diamond_boots":1,"mutantmonsters:mutant_skeleton_rib":6,"minecraft:stripped_dark_oak_wood":1,"minecraft:gold_ingot":12,"mutantmonsters:mutant_skeleton_shoulder_pad":2,"minecraft:skeleton_skull":1,"minecraft:cobblestone":23,"minecraft:lime_bed":11,"minecraft:feather":10,"minecraft:jungle_log":1,"minecraft:salmon":1,"minecraft:leather":5,"minecraft:cut_sandstone":1,"minecraft:flint":1,"minecraft:oak_log":2,"minecraft:gunpowder":2,"mutantmonsters:mutant_skeleton_limb":7,"minecraft:lapis_lazuli":29,"minecraft:dirt":4,"artifacts:shock_pendant":1,"minecraft:orange_terracotta":1,"minecraft:bone":3,"mowziesmobs:umvuthana_mask_rage":1,"minecraft:wheat_seeds":70,"minecraft:iron_ingot":16,"minecraft:stone_pickaxe":1,"minecraft:bamboo":3,"minecraft:mangrove_planks":1,"minecraft:iron_sword":1,"minecraft:oak_planks":38,"minecraft:dark_oak_stairs":1,"iceandfire:copper_nugget":28,"minecraft:dark_oak_slab":2,"minecraft:dandelion":1,"iceandfire:dragon_skull_fire":2,"minecraft:sand":20,"minecraft:blast_furnace":1,"minecraft:ink_sac":2,"minecraft:blue_terracotta":1,"minecraft:granite":1,"minecraft:bread":13,"mowziesmobs:umvuthana_mask_fear":1,"tombstone:magic_scroll":1,"iceandfire:silver_nugget":10,"minecraft:coal":19},"minecraft:mined":{"minecraft:dark_oak_planks":4,"quark:azalea_log":1,"iceandfire:copper_pile":4,"minecraft:red_sand":6,"minecraft:grass_block":2,"minecraft:jungle_log":1,"minecraft:sandstone":6,"minecraft:spawner":2,"minecraft:furnace":1,"minecraft:dark_oak_trapdoor":1,"minecraft:iron_ore":29,"minecraft:deepslate_lapis_ore":5,"minecraft:stripped_dark_oak_wood":1,"minecraft:dark_oak_stairs":1,"iceandfire:gold_pile":6,"minecraft:deepslate_iron_ore":11,"minecraft:stone":11,"minecraft:stripped_mangrove_wood":4,"minecraft:cut_sandstone":1,"minecraft:crafting_table":4,"minecraft:blast_furnace":1,"minecraft:calcite":4,"minecraft:chest":2,"minecraft:dead_bush":3,"minecraft:rose_bush":1,"minecraft:tall_grass":6,"minecraft:cobblestone":4,"minecraft:spruce_stairs":2,"minecraft:lime_bed":12,"minecraft:blue_terracotta":1,"minecraft:wheat":26,"minecraft:mangrove_planks":1,"minecraft:grass":29,"iceandfire:silver_pile":3,"minecraft:oak_log":2,"minecraft:coal_ore":23,"minecraft:sand":15,"minecraft:stone_bricks":2,"minecraft:oak_leaves":2,"minecraft:deepslate":9,"minecraft:fern":1},"minecraft:used":{"minecraft:blue_terracotta":1,"minecraft:stone_sword":128,"minecraft:red_sand":5,"minecraft:chest":3,"minecraft:shield":59,"minecraft:iron_sword":51,"minecraft:rotten_flesh":3,"minecraft:carrot":8,"minecraft:dark_oak_planks":2,"minecraft:wooden_axe":19,"mowziesmobs:umvuthana_mask_faith":1,"minecraft:iron_axe":44,"tombstone:gift":2,"minecraft:skeleton_skull":1,"minecraft:cobbled_deepslate":8,"minecraft:orange_terracotta":1,"minecraft:iron_leggings":1,"minecraft:water_bucket":9,"minecraft:diamond_boots":1,"minecraft:stone_pickaxe":111,"minecraft:oak_planks":5,"minecraft:sandstone":5,"minecraft:salmon":1,"minecraft:sand":4,"quark:azalea_planks":3,"minecraft:crafting_table":5,"minecraft:lime_bed":9,"minecraft:oak_log":1,"minecraft:bread":18,"minecraft:iron_pickaxe":4,"tombstone:magic_scroll":2,"minecraft:cobblestone":24,"minecraft:bucket":10,"minecraft:pumpkin_pie":15,"quark:oak_chest":1}},"DataVersion":3465}