{"stats":{"minecraft:killed":{"minecraft:skeleton":4,"minecraft:husk":1,"minecraft:pig":2,"minecraft:salmon":1,"minecraft:zombie":3,"enemyexpansion:vampire":1},"minecraft:crafted":{"minecraft:wooden_sword":1,"minecraft:oak_planks":4,"minecraft:iron_axe":1,"minecraft:dark_oak_planks":4,"quark:azalea_planks":4,"minecraft:crafting_table":3,"minecraft:wooden_pickaxe":1,"minecraft:bucket":1,"minecraft:jungle_planks":4,"minecraft:stick":8,"quark:oak_chest":1,"minecraft:iron_pickaxe":1,"minecraft:wooden_axe":1,"minecraft:stone_sword":1},"minecraft:dropped":{"minecraft:dark_oak_stairs":1,"minecraft:stripped_mangrove_wood":6,"minecraft:golden_pickaxe":1,"minecraft:dark_oak_slab":2,"minecraft:granite":1,"minecraft:mangrove_planks":1,"minecraft:dirt":1,"minecraft:ink_sac":2,"minecraft:dark_oak_trapdoor":1,"minecraft:wooden_axe":1,"minecraft:rose_bush":1,"minecraft:cut_sandstone":1,"tombstone:grave_dust":2,"minecraft:potion":1,"minecraft:wooden_sword":1,"minecraft:sand":16,"minecraft:string":2,"minecraft:dark_oak_planks":1,"minecraft:bone":2,"quark:azalea_planks":1,"minecraft:stone_sword":1,"alexsmobs:animal_dictionary":1,"aether:golden_gloves":1,"minecraft:raw_iron":9,"minecraft:rotten_flesh":3,"minecraft:oak_planks":13,"minecraft:lime_bed":1,"minecraft:spruce_planks":1,"minecraft:wooden_pickaxe":1,"minecraft:calcite":5},"minecraft:broken":{"aether:golden_gloves":1,"minecraft:stone_pickaxe":1},"minecraft:killed_by":{"minecraft:husk":1,"creeperoverhaul:cave_creeper":1},"minecraft:custom":{"minecraft:mob_kills":14,"minecraft:interact_with_crafting_table":10,"minecraft:open_barrel":6,"minecraft:eat_cake_slice":2,"minecraft:time_since_death":6438,"minecraft:climb_one_cm":2335,"minecraft:sprint_one_cm":167604,"minecraft:walk_one_cm":102867,"minecraft:damage_blocked_by_shield":130,"minecraft:drop":33,"minecraft:play_time":70354,"minecraft:deaths":3,"minecraft:sneak_time":1583,"minecraft:walk_under_water_one_cm":5716,"minecraft:boat_one_cm":20647,"minecraft:jump":1162,"minecraft:interact_with_blast_furnace":4,"minecraft:walk_on_water_one_cm":7026,"minecraft:total_world_time":70354,"minecraft:interact_with_furnace":1,"minecraft:sleep_in_bed":5,"minecraft:time_since_rest":840,"minecraft:damage_taken":1533,"minecraft:damage_dealt":2800,"minecraft:swim_one_cm":22895,"minecraft:fly_one_cm":254212,"minecraft:open_chest":10,"minecraft:crouch_one_cm":4140,"tombstone:undead_killed":9,"minecraft:fall_one_cm":32041},"minecraft:picked_up":{"minecraft:wooden_axe":1,"minecraft:crafting_table":2,"minecraft:iron_chestplate":1,"minecraft:potion":3,"quark:azalea_log":1,"minecraft:shield":1,"minecraft:string":2,"minecraft:dark_oak_trapdoor":1,"minecraft:red_sand":5,"minecraft:cobbled_deepslate":8,"minecraft:spruce_planks":1,"minecraft:rose_bush":1,"minecraft:calcite":5,"minecraft:chest":1,"minecraft:sandstone":5,"iceandfire:dragonbone":18,"minecraft:stick":1,"minecraft:raw_iron":40,"minecraft:stripped_mangrove_wood":6,"minecraft:porkchop":5,"tombstone:grave_dust":2,"aether:golden_gloves":2,"minecraft:dark_oak_planks":4,"minecraft:stone_sword":1,"minecraft:rotten_flesh":4,"minecraft:stripped_dark_oak_wood":1,"minecraft:cobblestone":23,"minecraft:lime_bed":6,"minecraft:jungle_log":1,"minecraft:salmon":1,"minecraft:cut_sandstone":1,"minecraft:flint":1,"minecraft:oak_log":2,"minecraft:gunpowder":2,"minecraft:lapis_lazuli":29,"minecraft:dirt":1,"artifacts:shock_pendant":1,"minecraft:orange_terracotta":1,"minecraft:bone":2,"minecraft:iron_ingot":6,"minecraft:stone_pickaxe":1,"minecraft:bamboo":3,"minecraft:mangrove_planks":1,"minecraft:oak_planks":38,"minecraft:dark_oak_stairs":1,"minecraft:dark_oak_slab":2,"iceandfire:dragon_skull_fire":2,"minecraft:sand":20,"minecraft:ink_sac":2,"minecraft:blue_terracotta":1,"minecraft:granite":1,"minecraft:bread":13,"tombstone:magic_scroll":1,"minecraft:coal":19},"minecraft:mined":{"minecraft:dark_oak_planks":3,"quark:azalea_log":1,"minecraft:red_sand":6,"minecraft:grass_block":1,"minecraft:jungle_log":1,"minecraft:sandstone":6,"minecraft:spawner":2,"minecraft:dark_oak_trapdoor":1,"minecraft:iron_ore":29,"minecraft:deepslate_lapis_ore":5,"minecraft:stripped_dark_oak_wood":1,"minecraft:dark_oak_stairs":1,"minecraft:deepslate_iron_ore":11,"minecraft:stone":11,"minecraft:stripped_mangrove_wood":4,"minecraft:cut_sandstone":1,"minecraft:crafting_table":2,"minecraft:calcite":4,"minecraft:chest":1,"minecraft:dead_bush":3,"minecraft:rose_bush":1,"minecraft:cobblestone":4,"minecraft:lime_bed":7,"minecraft:blue_terracotta":1,"minecraft:mangrove_planks":1,"minecraft:grass":6,"minecraft:oak_log":2,"minecraft:coal_ore":23,"minecraft:sand":15,"minecraft:oak_leaves":2,"minecraft:deepslate":9,"minecraft:fern":1},"minecraft:used":{"minecraft:blue_terracotta":1,"minecraft:stone_sword":63,"minecraft:red_sand":5,"minecraft:shield":4,"minecraft:rotten_flesh":2,"minecraft:carrot":8,"minecraft:wooden_axe":19,"minecraft:iron_axe":1,"minecraft:orange_terracotta":1,"minecraft:water_bucket":1,"minecraft:stone_pickaxe":111,"minecraft:oak_planks":5,"minecraft:sandstone":5,"minecraft:salmon":1,"minecraft:sand":4,"quark:azalea_planks":3,"minecraft:crafting_table":4,"minecraft:lime_bed":5,"minecraft:oak_log":1,"minecraft:bread":13,"tombstone:magic_scroll":2,"minecraft:cobblestone":23,"minecraft:bucket":2,"minecraft:pumpkin_pie":1,"quark:oak_chest":1}},"DataVersion":3465}