{"stats":{"minecraft:killed":{"minecraft:salmon":1,"minecraft:skeleton":3,"minecraft:zombie":1,"enemyexpansion:vampire":1},"minecraft:crafted":{"quark:azalea_planks":4,"minecraft:wooden_sword":1,"minecraft:oak_planks":4,"minecraft:crafting_table":1,"minecraft:wooden_pickaxe":1,"minecraft:jungle_planks":4,"minecraft:stick":8,"quark:oak_chest":1,"minecraft:wooden_axe":1,"minecraft:stone_sword":1},"minecraft:dropped":{"minecraft:stone_sword":1,"alexsmobs:animal_dictionary":1,"aether:golden_gloves":1,"minecraft:raw_iron":9,"minecraft:oak_planks":12,"minecraft:lime_bed":1,"tombstone:grave_dust":2,"minecraft:wooden_sword":1,"minecraft:wooden_pickaxe":1,"minecraft:bone":2},"minecraft:custom":{"minecraft:mob_kills":7,"minecraft:interact_with_crafting_table":7,"minecraft:time_since_death":46354,"minecraft:sleep_in_bed":3,"minecraft:climb_one_cm":514,"minecraft:time_since_rest":29129,"minecraft:sprint_one_cm":78734,"minecraft:damage_taken":529,"minecraft:walk_one_cm":41295,"minecraft:damage_blocked_by_shield":60,"minecraft:drop":10,"minecraft:damage_dealt":935,"minecraft:swim_one_cm":16777,"minecraft:fly_one_cm":142467,"minecraft:open_chest":8,"minecraft:crouch_one_cm":2650,"minecraft:play_time":46354,"tombstone:undead_killed":5,"minecraft:sneak_time":905,"minecraft:walk_under_water_one_cm":3753,"minecraft:jump":674,"minecraft:walk_on_water_one_cm":5129,"minecraft:total_world_time":46354,"minecraft:fall_one_cm":20241},"minecraft:picked_up":{"minecraft:iron_chestplate":1,"minecraft:lime_bed":4,"minecraft:crafting_table":1,"minecraft:salmon":1,"minecraft:jungle_log":1,"minecraft:cut_sandstone":1,"minecraft:flint":1,"minecraft:oak_log":2,"quark:azalea_log":1,"minecraft:gunpowder":2,"minecraft:shield":1,"minecraft:lapis_lazuli":29,"minecraft:string":2,"minecraft:orange_terracotta":1,"artifacts:shock_pendant":1,"minecraft:bone":2,"minecraft:red_sand":5,"minecraft:cobbled_deepslate":7,"minecraft:stone_pickaxe":1,"minecraft:oak_planks":37,"minecraft:raw_iron":38,"minecraft:stick":1,"iceandfire:dragonbone":18,"minecraft:sandstone":5,"iceandfire:dragon_skull_fire":2,"minecraft:sand":5,"tombstone:grave_dust":2,"minecraft:ink_sac":2,"aether:golden_gloves":2,"minecraft:stone_sword":1,"minecraft:blue_terracotta":1,"minecraft:rotten_flesh":2,"minecraft:granite":1,"minecraft:bread":9,"minecraft:coal":7,"minecraft:cobblestone":18},"minecraft:mined":{"minecraft:cut_sandstone":1,"quark:azalea_log":1,"minecraft:crafting_table":1,"minecraft:red_sand":6,"minecraft:jungle_log":1,"minecraft:dead_bush":3,"minecraft:sandstone":6,"minecraft:lime_bed":5,"minecraft:blue_terracotta":1,"minecraft:iron_ore":29,"minecraft:deepslate_lapis_ore":5,"minecraft:grass":1,"minecraft:coal_ore":7,"minecraft:oak_log":2,"minecraft:deepslate_iron_ore":8,"minecraft:sand":5,"minecraft:stone":10,"minecraft:oak_leaves":2,"minecraft:deepslate":8},"minecraft:used":{"minecraft:blue_terracotta":1,"minecraft:red_sand":5,"minecraft:stone_sword":15,"minecraft:stone_pickaxe":77,"minecraft:oak_planks":5,"minecraft:shield":2,"minecraft:sandstone":5,"minecraft:rotten_flesh":2,"minecraft:salmon":1,"minecraft:sand":4,"quark:azalea_planks":3,"minecraft:lime_bed":2,"minecraft:crafting_table":2,"minecraft:oak_log":1,"minecraft:wooden_axe":7,"minecraft:bread":9,"quark:oak_chest":1,"minecraft:orange_terracotta":1}},"DataVersion":3465}