{"stats":{"minecraft:killed":{"alexsmobs:tarantula_hawk":1,"minecraft:zombie_villager":1,"minecraft:spider":1,"minecraft:iron_golem":1,"enemyexpansion:sprinter":1,"enemyexpansion:direwolf":2,"alexsmobs:emu":1,"minecraft:skeleton":1,"minecraft:zombie":2,"enemyexpansion:huntsman":2},"minecraft:crafted":{"minecraft:oak_planks":56,"minecraft:crafting_table":2,"minecraft:iron_sword":1,"minecraft:golden_pickaxe":1,"aether:golden_gloves":1,"minecraft:bread":42,"minecraft:air":0,"minecraft:iron_chestplate":1,"minecraft:shield":2,"minecraft:stick":12,"minecraft:iron_ingot":10,"minecraft:iron_pickaxe":1,"minecraft:stone_pickaxe":1,"minecraft:stone_sword":1,"minecraft:gold_ingot":9,"minecraft:wheat":126},"minecraft:dropped":{"minecraft:gravel":1,"minecraft:iron_ingot":1,"minecraft:bread":9,"alexsmobs:tarantula_hawk_wing_fragment":1,"aether:golden_gloves":1,"artifacts:shock_pendant":1,"minecraft:cobblestone":2,"minecraft:oak_planks":36,"minecraft:stick":3,"minecraft:shield":1,"minecraft:iron_chestplate":3,"minecraft:stone_pickaxe":1},"minecraft:killed_by":{"minecraft:iron_golem":1},"minecraft:custom":{"minecraft:interact_with_furnace":9,"minecraft:mob_kills":16,"minecraft:interact_with_crafting_table":12,"minecraft:leave_game":2,"minecraft:time_since_death":50868,"minecraft:sleep_in_bed":3,"minecraft:climb_one_cm":472,"minecraft:time_since_rest":29129,"minecraft:sprint_one_cm":213878,"minecraft:damage_taken":1058,"minecraft:walk_one_cm":159662,"minecraft:damage_blocked_by_shield":295,"minecraft:drop":23,"minecraft:damage_dealt":4071,"minecraft:swim_one_cm":33918,"minecraft:talked_to_villager":4,"minecraft:fly_one_cm":347160,"minecraft:open_chest":16,"minecraft:crouch_one_cm":1929,"minecraft:play_time":77527,"tombstone:undead_killed":7,"minecraft:deaths":1,"minecraft:sneak_time":1522,"minecraft:walk_under_water_one_cm":5675,"minecraft:jump":1490,"minecraft:walk_on_water_one_cm":8001,"minecraft:total_world_time":77527,"minecraft:fall_one_cm":32273},"minecraft:picked_up":{"minecraft:iron_chestplate":2,"minecraft:lime_bed":8,"minecraft:crafting_table":4,"minecraft:wheat":8,"minecraft:anvil":1,"minecraft:cut_sandstone":1,"minecraft:gold_block":1,"minecraft:oak_log":21,"minecraft:orange_terracotta":11,"minecraft:bone":4,"minecraft:cobbled_deepslate":11,"minecraft:cartography_table":1,"alexsmobs:emu_feather":1,"minecraft:red_sand":3,"minecraft:iron_ingot":4,"minecraft:poppy":1,"minecraft:chest":2,"minecraft:oak_planks":12,"minecraft:furnace":4,"minecraft:stick":3,"minecraft:raw_iron":26,"minecraft:sandstone":16,"minecraft:gravel":3,"minecraft:sand":8,"minecraft:stone_pressure_plate":1,"minecraft:cactus":3,"minecraft:rotten_flesh":1,"minecraft:hay_block":14,"alexsmobs:tarantula_hawk_wing_fragment":1,"minecraft:oak_sapling":1,"minecraft:iron_bars":7,"minecraft:cobblestone":29},"minecraft:mined":{"minecraft:cut_sandstone":1,"minecraft:stone_pressure_plate":1,"minecraft:orange_terracotta":12,"minecraft:crafting_table":4,"minecraft:red_sand":2,"minecraft:chest":2,"minecraft:dead_bush":1,"minecraft:cobblestone":28,"minecraft:cartography_table":1,"minecraft:diorite":1,"minecraft:sandstone":16,"minecraft:hay_block":14,"minecraft:lime_bed":6,"minecraft:furnace":4,"minecraft:iron_ore":10,"minecraft:cobbled_deepslate":1,"minecraft:anvil":1,"minecraft:gold_block":1,"minecraft:oak_log":21,"minecraft:deepslate_iron_ore":7,"minecraft:iron_bars":9,"minecraft:gravel":1,"minecraft:sand":11,"minecraft:deepslate":10,"minecraft:fern":1},"minecraft:used":{"minecraft:stone_sword":34,"minecraft:stone_pickaxe":19,"minecraft:shield":4,"minecraft:sandstone":16,"minecraft:iron_sword":28,"minecraft:sand":8,"minecraft:crafting_table":5,"minecraft:lime_bed":7,"minecraft:golden_chestplate":1,"minecraft:iron_axe":5,"minecraft:bread":21,"minecraft:iron_pickaxe":59,"minecraft:gravel":1,"minecraft:cobblestone":21,"minecraft:furnace":2,"minecraft:cobbled_deepslate":1,"minecraft:orange_terracotta":10,"minecraft:golden_pickaxe":30,"minecraft:golden_axe":34,"minecraft:iron_leggings":1}},"DataVersion":3465}