{"stats":{"minecraft:killed":{"minecraft:zombie":1,"enemyexpansion:direwolf":1},"minecraft:crafted":{"minecraft:oak_planks":44,"minecraft:crafting_table":1,"minecraft:stick":4,"minecraft:golden_pickaxe":1,"minecraft:bread":20,"minecraft:wheat":126},"minecraft:custom":{"minecraft:time_since_rest":17527,"minecraft:sprint_one_cm":57583,"minecraft:damage_taken":166,"minecraft:walk_one_cm":37439,"minecraft:mob_kills":2,"minecraft:damage_dealt":360,"minecraft:swim_one_cm":15644,"minecraft:talked_to_villager":4,"minecraft:interact_with_crafting_table":2,"minecraft:fly_one_cm":107933,"minecraft:open_chest":4,"minecraft:crouch_one_cm":347,"minecraft:play_time":17527,"tombstone:undead_killed":1,"minecraft:sneak_time":108,"minecraft:walk_under_water_one_cm":1171,"minecraft:jump":382,"minecraft:leave_game":2,"minecraft:walk_on_water_one_cm":2811,"minecraft:time_since_death":17527,"minecraft:total_world_time":17527,"minecraft:fall_one_cm":9097},"minecraft:picked_up":{"minecraft:lime_bed":2,"minecraft:crafting_table":1,"minecraft:sand":8,"minecraft:oak_log":11,"minecraft:rotten_flesh":1,"minecraft:cartography_table":1,"minecraft:hay_block":14,"minecraft:oak_sapling":1,"minecraft:chest":1,"minecraft:cobblestone":23,"minecraft:furnace":2},"minecraft:mined":{"minecraft:hay_block":14,"minecraft:lime_bed":2,"minecraft:furnace":2,"minecraft:crafting_table":1,"minecraft:oak_log":11,"minecraft:chest":1,"minecraft:dead_bush":1,"minecraft:sand":10,"minecraft:cobblestone":23,"minecraft:cartography_table":1},"minecraft:used":{"minecraft:bread":5,"minecraft:sand":2,"minecraft:lime_bed":1,"minecraft:crafting_table":1,"minecraft:golden_chestplate":1,"minecraft:golden_axe":19,"minecraft:golden_pickaxe":26,"minecraft:iron_leggings":1}},"DataVersion":3465}