{"stats":{"minecraft:killed":{"alexsmobs:tarantula_hawk":1,"minecraft:spider":1,"enemyexpansion:direwolf":2,"minecraft:skeleton":3,"mowziesmobs:umvuthana_crane":14,"mowziesmobs:umvuthana":12,"minecraft:husk":3,"minecraft:pig":1,"minecraft:zombie_villager":1,"minecraft:iron_golem":1,"enemyexpansion:sprinter":1,"alexsmobs:emu":2,"enemyexpansion:meature":1,"minecraft:zombie":3,"iceandfire:ghost":2,"enemyexpansion:huntsman":2},"minecraft:crafted":{"minecraft:oak_planks":56,"aether:golden_gloves":1,"minecraft:stone_pickaxe":1,"minecraft:wheat":126,"minecraft:crafting_table":2,"minecraft:iron_sword":1,"minecraft:golden_pickaxe":1,"minecraft:bread":42,"minecraft:air":0,"minecraft:oak_boat":1,"minecraft:iron_chestplate":1,"minecraft:shield":2,"minecraft:stick":12,"minecraft:iron_ingot":10,"minecraft:iron_pickaxe":2,"minecraft:stone_sword":1,"minecraft:gold_ingot":9},"minecraft:dropped":{"minecraft:iron_ingot":7,"minecraft:bread":13,"artifacts:shock_pendant":1,"minecraft:cobblestone":2,"minecraft:stick":3,"minecraft:dark_oak_planks":1,"minecraft:bone":4,"minecraft:gravel":2,"minecraft:stone_sword":1,"alexsmobs:tarantula_hawk_wing_fragment":1,"aether:golden_gloves":1,"minecraft:rotten_flesh":1,"minecraft:oak_planks":37,"earthmobsmod:harder_flesh":2,"minecraft:shield":1,"minecraft:orange_terracotta":1,"minecraft:iron_chestplate":3,"minecraft:oak_sapling":6,"minecraft:arrow":2,"minecraft:red_sand":3,"minecraft:stone_pickaxe":1},"minecraft:broken":{"aether:golden_gloves":1,"minecraft:golden_chestplate":1},"minecraft:killed_by":{"minecraft:iron_golem":1,"mowziesmobs:umvuthi":2},"minecraft:custom":{"minecraft:mob_kills":55,"minecraft:interact_with_crafting_table":14,"minecraft:open_barrel":5,"minecraft:damage_dealt_resisted":43,"minecraft:eat_cake_slice":3,"minecraft:leave_game":2,"minecraft:time_since_death":3691,"minecraft:climb_one_cm":2395,"minecraft:damage_resisted":45,"minecraft:sprint_one_cm":322290,"minecraft:walk_one_cm":295968,"minecraft:damage_blocked_by_shield":295,"minecraft:drop":39,"minecraft:play_noteblock":2,"minecraft:talked_to_villager":4,"minecraft:play_time":113527,"minecraft:deaths":3,"minecraft:sneak_time":2858,"minecraft:walk_under_water_one_cm":8230,"minecraft:boat_one_cm":31581,"minecraft:jump":2367,"minecraft:walk_on_water_one_cm":11878,"minecraft:total_world_time":113527,"minecraft:interact_with_furnace":9,"minecraft:sleep_in_bed":5,"minecraft:time_since_rest":3405,"minecraft:damage_taken":2479,"minecraft:damage_dealt":8790,"minecraft:fly_one_cm":504725,"minecraft:swim_one_cm":39378,"minecraft:open_chest":18,"minecraft:crouch_one_cm":3821,"tombstone:undead_killed":16,"minecraft:fall_one_cm":45623},"minecraft:picked_up":{"minecraft:crafting_table":5,"minecraft:iron_chestplate":2,"minecraft:wheat":8,"minecraft:anvil":1,"minecraft:gold_block":1,"minecraft:enchanted_book":1,"minecraft:red_sand":3,"alexsmobs:emu_feather":1,"minecraft:cartography_table":1,"minecraft:cobbled_deepslate":11,"minecraft:poppy":1,"minecraft:chest":2,"minecraft:furnace":4,"minecraft:raw_iron":30,"minecraft:stick":4,"minecraft:sandstone":16,"minecraft:stripped_mangrove_wood":1,"minecraft:porkchop":1,"minecraft:stone_pressure_plate":1,"minecraft:dark_oak_planks":3,"mowziesmobs:umvuthana_mask_faith":1,"minecraft:cactus":3,"minecraft:arrow":2,"minecraft:rotten_flesh":1,"minecraft:hay_block":14,"minecraft:iron_bars":7,"minecraft:cobblestone":29,"minecraft:lime_bed":8,"minecraft:feather":8,"minecraft:jungle_log":6,"minecraft:cut_sandstone":1,"minecraft:oak_log":21,"minecraft:dirt":1,"minecraft:orange_terracotta":11,"minecraft:bone":6,"minecraft:iron_ingot":4,"mowziesmobs:umvuthana_mask_misery":1,"minecraft:oak_planks":12,"minecraft:gravel":3,"earthmobsmod:harder_flesh":2,"minecraft:sand":8,"minecraft:blast_furnace":7,"minecraft:diamond":1,"alexsmobs:tarantula_hawk_wing_fragment":1,"minecraft:oak_sapling":2,"minecraft:coal":30},"minecraft:mined":{"minecraft:dark_oak_planks":3,"minecraft:waxed_cut_copper_slab":1,"minecraft:stone_pressure_plate":1,"minecraft:spruce_planks":1,"minecraft:stripped_mangrove_log":1,"minecraft:deepslate_diamond_ore":1,"minecraft:jungle_leaves":2,"minecraft:red_sand":2,"minecraft:grass_block":1,"minecraft:stripped_jungle_wood":1,"minecraft:jungle_log":6,"minecraft:mangrove_trapdoor":1,"minecraft:cartography_table":1,"minecraft:sandstone":16,"minecraft:spawner":2,"minecraft:hay_block":14,"minecraft:furnace":4,"minecraft:iron_ore":10,"minecraft:cobbled_deepslate":1,"minecraft:anvil":1,"minecraft:gold_block":1,"minecraft:deepslate_iron_ore":10,"minecraft:iron_bars":9,"minecraft:stone":3,"minecraft:stripped_mangrove_wood":2,"minecraft:cut_sandstone":1,"minecraft:mangrove_stairs":1,"minecraft:orange_terracotta":12,"minecraft:crafting_table":5,"minecraft:blast_furnace":7,"minecraft:calcite":3,"minecraft:chest":2,"minecraft:dead_bush":1,"minecraft:tall_grass":2,"minecraft:cobblestone":28,"minecraft:diorite":1,"minecraft:lime_bed":6,"minecraft:dark_oak_slab":2,"minecraft:grass":23,"minecraft:oak_log":21,"minecraft:coal_ore":29,"minecraft:gravel":1,"minecraft:sand":19,"minecraft:oak_leaves":3,"minecraft:deepslate":10,"minecraft:fern":1},"minecraft:used":{"minecraft:stone_sword":34,"mowziesmobs:umvuthana_mask_misery":1,"minecraft:shield":4,"minecraft:iron_sword":119,"minecraft:dirt":1,"minecraft:golden_chestplate":1,"minecraft:dark_oak_planks":2,"mowziesmobs:umvuthana_mask_faith":1,"minecraft:iron_axe":60,"minecraft:jungle_log":3,"minecraft:furnace":2,"tombstone:gift":2,"minecraft:cobbled_deepslate":11,"minecraft:orange_terracotta":10,"minecraft:iron_leggings":1,"minecraft:golden_axe":34,"minecraft:stone_pickaxe":19,"minecraft:sandstone":16,"minecraft:sand":8,"minecraft:lime_bed":8,"minecraft:crafting_table":6,"minecraft:cake":1,"minecraft:bread":40,"minecraft:iron_pickaxe":110,"minecraft:gravel":1,"minecraft:cobblestone":21,"minecraft:oak_boat":1,"minecraft:golden_pickaxe":30}},"DataVersion":3465}