{"stats":{"minecraft:killed":{"minecraft:cave_spider":1,"alexsmobs:tarantula_hawk":1,"minecraft:spider":6,"enemyexpansion:direwolf":6,"minecraft:skeleton":3,"mowziesmobs:umvuthana_crane":14,"mowziesmobs:umvuthana":12,"earthmobsmod:albino_cow":3,"minecraft:husk":3,"minecraft:pig":1,"minecraft:zombie_villager":1,"minecraft:iron_golem":1,"enemyexpansion:sprinter":1,"mutantmonsters:mutant_skeleton":2,"minecraft:creeper":1,"alexsmobs:emu":3,"enemyexpansion:meature":2,"minecraft:zombie":3,"iceandfire:ghost":4,"enemyexpansion:huntsman":3,"takesapillage:archer":1},"minecraft:crafted":{"minecraft:oak_planks":64,"aether:golden_gloves":1,"mutantmonsters:mutant_skeleton_boots":1,"minecraft:stone_pickaxe":1,"iceandfire:armor_red_leggings":1,"iceandfire:armor_red_boots":1,"sophisticatedbackpacks:iron_backpack":1,"minecraft:wheat":126,"sophisticatedbackpacks:backpack":1,"minecraft:crafting_table":2,"minecraft:iron_sword":1,"iceandfire:armor_red_chestplate":1,"minecraft:golden_pickaxe":1,"sophisticatedbackpacks:gold_backpack":1,"minecraft:bread":42,"minecraft:air":0,"iceandfire:armor_red_helmet":1,"minecraft:oak_boat":1,"minecraft:iron_chestplate":1,"minecraft:shield":2,"minecraft:stick":12,"minecraft:iron_ingot":21,"minecraft:iron_pickaxe":2,"minecraft:stone_sword":1,"minecraft:gold_ingot":27},"minecraft:dropped":{"minecraft:iron_ingot":15,"minecraft:bread":14,"minecraft:wheat_seeds":1,"artifacts:shock_pendant":1,"minecraft:feather":9,"minecraft:cobblestone":17,"iceandfire:fire_dragon_flesh":3,"iceandfire:ectoplasm":1,"minecraft:leather_helmet":3,"minecraft:stick":3,"minecraft:emerald":2,"minecraft:gold_nugget":4,"minecraft:string":3,"minecraft:dark_oak_planks":1,"iceandfire:dragon_skull_fire":1,"minecraft:bone":6,"minecraft:gold_ingot":10,"minecraft:armor_stand":3,"minecraft:gravel":2,"iceandfire:armor_red_chestplate":1,"minecraft:stone_sword":1,"alexsmobs:tarantula_hawk_wing_fragment":1,"aether:golden_gloves":1,"minecraft:rotten_flesh":1,"minecraft:oak_planks":37,"earthmobsmod:harder_flesh":2,"minecraft:leather_chestplate":1,"minecraft:shield":1,"mowziesmobs:umvuthana_mask_misery":1,"minecraft:orange_terracotta":1,"iceandfire:chared_cobblestone":1,"minecraft:iron_chestplate":3,"minecraft:jungle_log":3,"minecraft:oak_sapling":7,"minecraft:leather_leggings":1,"minecraft:arrow":3,"minecraft:red_sand":3,"minecraft:stone_pickaxe":1,"minecraft:cartography_table":1},"minecraft:broken":{"aether:golden_gloves":1,"mowziesmobs:umvuthana_mask_faith":1,"minecraft:golden_chestplate":1},"minecraft:killed_by":{"minecraft:spider":1,"minecraft:iron_golem":1,"takesapillage:skirmisher":1,"mowziesmobs:umvuthi":2,"minecraft:zombie":1,"iceandfire:fire_dragon":4},"minecraft:custom":{"minecraft:mob_kills":81,"minecraft:interact_with_crafting_table":34,"minecraft:open_barrel":5,"minecraft:damage_dealt_resisted":43,"minecraft:eat_cake_slice":12,"minecraft:leave_game":2,"minecraft:time_since_death":37482,"minecraft:climb_one_cm":2395,"minecraft:damage_resisted":45,"minecraft:sprint_one_cm":556375,"minecraft:walk_one_cm":459557,"minecraft:damage_blocked_by_shield":295,"minecraft:drop":77,"minecraft:play_noteblock":2,"minecraft:talked_to_villager":6,"minecraft:play_time":180530,"minecraft:deaths":11,"minecraft:sneak_time":3170,"minecraft:walk_under_water_one_cm":18976,"minecraft:boat_one_cm":31581,"minecraft:jump":3985,"minecraft:interact_with_blast_furnace":5,"minecraft:walk_on_water_one_cm":45751,"minecraft:total_world_time":180530,"minecraft:interact_with_furnace":14,"tombstone:raider_killed":1,"minecraft:sleep_in_bed":7,"minecraft:time_since_rest":36931,"minecraft:damage_taken":5554,"minecraft:damage_absorbed":40,"minecraft:damage_dealt":15348,"minecraft:swim_one_cm":86220,"minecraft:fly_one_cm":1019950,"minecraft:open_chest":22,"minecraft:crouch_one_cm":4187,"tombstone:undead_killed":22,"minecraft:fall_one_cm":86339},"minecraft:picked_up":{"minecraft:crafting_table":6,"minecraft:iron_chestplate":2,"minecraft:wheat":8,"minecraft:anvil":1,"minecraft:gold_block":3,"minecraft:enchanted_book":1,"minecraft:string":9,"mutantmonsters:mutant_skeleton_skull":1,"minecraft:item_frame":2,"minecraft:armor_stand":3,"minecraft:red_sand":3,"alexsmobs:emu_feather":1,"minecraft:cartography_table":1,"minecraft:gold_nugget":348,"minecraft:cobbled_deepslate":11,"minecraft:poppy":1,"minecraft:coal_block":3,"minecraft:chest":3,"minecraft:egg":1,"iceandfire:dragonscales_red":26,"minecraft:furnace":4,"iceandfire:dragonbone":7,"minecraft:stick":4,"minecraft:raw_iron":30,"minecraft:sandstone":16,"minecraft:stripped_mangrove_wood":1,"minecraft:spruce_stairs":1,"minecraft:porkchop":1,"minecraft:cake":1,"minecraft:cookie":2,"minecraft:stone_pressure_plate":1,"mutantmonsters:mutant_skeleton_pelvis":1,"minecraft:dark_oak_planks":3,"mowziesmobs:umvuthana_mask_faith":2,"minecraft:arrow":4,"minecraft:cactus":3,"minecraft:rotten_flesh":1,"minecraft:diamond_boots":1,"minecraft:hay_block":26,"iceandfire:fire_dragon_heart":1,"mutantmonsters:mutant_skeleton_rib":5,"mutantmonsters:mutant_skeleton_shoulder_pad":1,"minecraft:iron_bars":7,"minecraft:cobblestone":44,"minecraft:lime_bed":9,"minecraft:cooked_beef":1,"minecraft:feather":9,"minecraft:jungle_log":6,"minecraft:cut_sandstone":1,"minecraft:leather":4,"iceandfire:armor_red_chestplate":1,"minecraft:potato":1,"minecraft:oak_log":23,"iceandfire:ectoplasm":1,"mutantmonsters:mutant_skeleton_limb":5,"minecraft:dirt":17,"minecraft:orange_terracotta":11,"minecraft:bone":6,"minecraft:cooked_chicken":1,"minecraft:iron_ingot":4,"iceandfire:fire_dragon_flesh":6,"minecraft:oak_planks":12,"mowziesmobs:umvuthana_mask_misery":1,"iceandfire:ash":1,"earthmobsmod:harder_flesh":2,"minecraft:gravel":3,"iceandfire:dragon_skull_fire":1,"minecraft:sand":8,"iceandfire:armor_red_boots":1,"minecraft:blast_furnace":7,"minecraft:leather_helmet":2,"iceandfire:chared_cobblestone":1,"minecraft:diamond":1,"alexsmobs:tarantula_hawk_wing_fragment":1,"minecraft:bread":15,"minecraft:emerald":2,"minecraft:oak_sapling":2,"minecraft:coal":30},"minecraft:mined":{"minecraft:dark_oak_planks":3,"minecraft:waxed_cut_copper_slab":1,"minecraft:spruce_planks":1,"minecraft:stone_pressure_plate":1,"minecraft:stripped_mangrove_log":1,"minecraft:deepslate_diamond_ore":1,"minecraft:jungle_leaves":2,"minecraft:red_sand":2,"minecraft:grass_block":4,"minecraft:stripped_jungle_wood":1,"minecraft:jungle_log":6,"minecraft:coal_block":3,"minecraft:mangrove_trapdoor":1,"minecraft:cartography_table":1,"minecraft:sandstone":16,"minecraft:spawner":2,"minecraft:hay_block":28,"minecraft:furnace":4,"minecraft:iron_ore":10,"minecraft:cobbled_deepslate":1,"minecraft:anvil":1,"minecraft:gold_block":3,"iceandfire:gold_pile":32,"minecraft:deepslate_iron_ore":10,"minecraft:iron_bars":9,"minecraft:stripped_mangrove_wood":2,"minecraft:stone":18,"iceandfire:chared_cobblestone":3,"minecraft:cut_sandstone":1,"minecraft:mangrove_stairs":1,"minecraft:orange_terracotta":12,"minecraft:crafting_table":6,"minecraft:blast_furnace":7,"minecraft:calcite":3,"minecraft:chest":3,"minecraft:dead_bush":1,"minecraft:tall_grass":5,"minecraft:cobblestone":28,"minecraft:diorite":1,"minecraft:spruce_stairs":1,"minecraft:lime_bed":7,"minecraft:dark_oak_slab":2,"minecraft:grass":27,"minecraft:oak_log":23,"minecraft:coal_ore":29,"minecraft:gravel":1,"minecraft:sand":19,"minecraft:dirt":15,"minecraft:oak_leaves":7,"minecraft:deepslate":10,"minecraft:fern":1},"minecraft:used":{"minecraft:stone_sword":34,"mowziesmobs:umvuthana_mask_misery":1,"minecraft:shield":4,"minecraft:iron_sword":251,"minecraft:cooked_chicken":1,"minecraft:dirt":16,"endrem:old_eye":1,"minecraft:golden_chestplate":1,"minecraft:dark_oak_planks":2,"mowziesmobs:umvuthana_mask_faith":1,"minecraft:iron_axe":76,"minecraft:jungle_log":3,"iceandfire:armor_red_leggings":1,"minecraft:furnace":3,"minecraft:cooked_beef":1,"tombstone:gift":4,"minecraft:orange_terracotta":10,"minecraft:golden_axe":34,"minecraft:cobbled_deepslate":11,"minecraft:iron_leggings":1,"iceandfire:fire_dragon_flesh":2,"minecraft:stone_pickaxe":19,"minecraft:sandstone":16,"minecraft:cookie":2,"minecraft:golden_apple":1,"minecraft:sand":8,"minecraft:lime_bed":9,"minecraft:crafting_table":8,"minecraft:blast_furnace":1,"minecraft:cake":1,"minecraft:iron_pickaxe":171,"minecraft:bread":54,"minecraft:gravel":1,"minecraft:cobblestone":21,"minecraft:oak_boat":1,"minecraft:golden_pickaxe":30}},"DataVersion":3465}