{"stats":{"minecraft:killed":{"alexsmobs:tarantula_hawk":1,"minecraft:iron_golem":1,"enemyexpansion:direwolf":1,"alexsmobs:emu":1,"minecraft:zombie":2,"enemyexpansion:huntsman":1},"minecraft:crafted":{"minecraft:oak_planks":44,"minecraft:crafting_table":1,"minecraft:golden_pickaxe":1,"aether:golden_gloves":1,"minecraft:bread":20,"minecraft:stick":8,"minecraft:iron_pickaxe":1,"minecraft:stone_pickaxe":1,"minecraft:stone_sword":1,"minecraft:gold_ingot":9,"minecraft:wheat":126},"minecraft:dropped":{"minecraft:bread":9,"aether:golden_gloves":1,"artifacts:shock_pendant":1,"minecraft:cobblestone":2,"minecraft:oak_planks":36,"minecraft:stone_pickaxe":1},"minecraft:killed_by":{"minecraft:iron_golem":1},"minecraft:custom":{"minecraft:mob_kills":7,"minecraft:interact_with_crafting_table":7,"minecraft:leave_game":2,"minecraft:time_since_death":26868,"minecraft:sleep_in_bed":3,"minecraft:climb_one_cm":472,"minecraft:time_since_rest":5129,"minecraft:sprint_one_cm":172498,"minecraft:damage_taken":695,"minecraft:walk_one_cm":115972,"minecraft:drop":15,"minecraft:damage_dealt":2207,"minecraft:swim_one_cm":33918,"minecraft:talked_to_villager":4,"minecraft:fly_one_cm":315420,"minecraft:open_chest":14,"minecraft:crouch_one_cm":1803,"minecraft:play_time":53527,"tombstone:undead_killed":3,"minecraft:deaths":1,"minecraft:sneak_time":1413,"minecraft:walk_under_water_one_cm":5675,"minecraft:jump":1216,"minecraft:walk_on_water_one_cm":8001,"minecraft:total_world_time":53527,"minecraft:fall_one_cm":28759},"minecraft:picked_up":{"minecraft:lime_bed":8,"minecraft:crafting_table":2,"minecraft:cut_sandstone":1,"minecraft:gold_block":1,"minecraft:oak_log":21,"minecraft:orange_terracotta":11,"minecraft:bone":2,"minecraft:cartography_table":1,"alexsmobs:emu_feather":1,"minecraft:red_sand":3,"minecraft:iron_ingot":3,"minecraft:poppy":1,"minecraft:chest":2,"minecraft:furnace":2,"minecraft:raw_iron":10,"minecraft:sandstone":13,"minecraft:sand":8,"minecraft:stone_pressure_plate":1,"minecraft:cactus":3,"minecraft:rotten_flesh":1,"minecraft:hay_block":14,"alexsmobs:tarantula_hawk_wing_fragment":1,"minecraft:oak_sapling":1,"minecraft:iron_bars":7,"minecraft:cobblestone":27},"minecraft:mined":{"minecraft:cut_sandstone":1,"minecraft:stone_pressure_plate":1,"minecraft:orange_terracotta":12,"minecraft:crafting_table":2,"minecraft:red_sand":2,"minecraft:chest":2,"minecraft:dead_bush":1,"minecraft:cobblestone":27,"minecraft:cartography_table":1,"minecraft:diorite":1,"minecraft:sandstone":12,"minecraft:hay_block":14,"minecraft:lime_bed":6,"minecraft:furnace":2,"minecraft:iron_ore":10,"minecraft:gold_block":1,"minecraft:oak_log":21,"minecraft:iron_bars":9,"minecraft:sand":10,"minecraft:deepslate":2,"minecraft:fern":1},"minecraft:used":{"minecraft:stone_sword":32,"minecraft:stone_pickaxe":19,"minecraft:sandstone":13,"minecraft:sand":7,"minecraft:crafting_table":3,"minecraft:lime_bed":7,"minecraft:golden_chestplate":1,"minecraft:bread":13,"minecraft:iron_pickaxe":32,"minecraft:cobblestone":19,"minecraft:orange_terracotta":10,"minecraft:golden_pickaxe":30,"minecraft:golden_axe":34,"minecraft:iron_leggings":1}},"DataVersion":3465}