{"stats":{"minecraft:killed":{"minecraft:husk":2,"minecraft:pig":1,"alexsmobs:tarantula_hawk":1,"minecraft:zombie_villager":1,"minecraft:spider":1,"minecraft:iron_golem":1,"enemyexpansion:sprinter":1,"enemyexpansion:direwolf":2,"alexsmobs:emu":1,"minecraft:skeleton":3,"minecraft:zombie":2,"enemyexpansion:huntsman":2},"minecraft:crafted":{"minecraft:oak_planks":56,"minecraft:crafting_table":2,"minecraft:iron_sword":1,"minecraft:golden_pickaxe":1,"aether:golden_gloves":1,"minecraft:bread":42,"minecraft:air":0,"minecraft:oak_boat":1,"minecraft:iron_chestplate":1,"minecraft:shield":2,"minecraft:stick":12,"minecraft:iron_ingot":10,"minecraft:iron_pickaxe":1,"minecraft:stone_pickaxe":1,"minecraft:stone_sword":1,"minecraft:gold_ingot":9,"minecraft:wheat":126},"minecraft:dropped":{"minecraft:gravel":2,"minecraft:iron_ingot":1,"minecraft:bread":13,"minecraft:stone_sword":1,"alexsmobs:tarantula_hawk_wing_fragment":1,"aether:golden_gloves":1,"artifacts:shock_pendant":1,"minecraft:rotten_flesh":1,"minecraft:cobblestone":2,"minecraft:oak_planks":37,"earthmobsmod:harder_flesh":2,"minecraft:stick":3,"minecraft:shield":1,"minecraft:orange_terracotta":1,"minecraft:iron_chestplate":3,"minecraft:oak_sapling":6,"minecraft:red_sand":3,"minecraft:stone_pickaxe":1,"minecraft:bone":4},"minecraft:killed_by":{"minecraft:iron_golem":1},"minecraft:custom":{"minecraft:interact_with_furnace":9,"minecraft:mob_kills":22,"minecraft:interact_with_crafting_table":13,"minecraft:open_barrel":2,"minecraft:leave_game":2,"minecraft:time_since_death":62868,"minecraft:sleep_in_bed":4,"minecraft:climb_one_cm":2019,"minecraft:time_since_rest":3757,"minecraft:sprint_one_cm":240641,"minecraft:damage_taken":1263,"minecraft:walk_one_cm":197762,"minecraft:damage_blocked_by_shield":295,"minecraft:drop":36,"minecraft:damage_dealt":5282,"minecraft:play_noteblock":1,"minecraft:swim_one_cm":38716,"minecraft:talked_to_villager":4,"minecraft:fly_one_cm":366587,"minecraft:open_chest":16,"minecraft:crouch_one_cm":2693,"minecraft:play_time":89527,"tombstone:undead_killed":11,"minecraft:deaths":1,"minecraft:sneak_time":2014,"minecraft:walk_under_water_one_cm":7891,"minecraft:boat_one_cm":31581,"minecraft:jump":1725,"minecraft:walk_on_water_one_cm":10244,"minecraft:total_world_time":89527,"minecraft:fall_one_cm":36245},"minecraft:picked_up":{"minecraft:iron_chestplate":2,"minecraft:lime_bed":8,"minecraft:crafting_table":5,"minecraft:wheat":8,"minecraft:anvil":1,"minecraft:jungle_log":6,"minecraft:cut_sandstone":1,"minecraft:gold_block":1,"minecraft:oak_log":21,"minecraft:dirt":1,"minecraft:orange_terracotta":11,"minecraft:bone":6,"minecraft:cobbled_deepslate":11,"minecraft:cartography_table":1,"alexsmobs:emu_feather":1,"minecraft:red_sand":3,"minecraft:iron_ingot":4,"minecraft:poppy":1,"minecraft:chest":2,"minecraft:oak_planks":12,"minecraft:furnace":4,"minecraft:stick":4,"minecraft:raw_iron":30,"minecraft:sandstone":16,"minecraft:porkchop":1,"earthmobsmod:harder_flesh":2,"minecraft:gravel":3,"minecraft:sand":8,"minecraft:blast_furnace":7,"minecraft:stone_pressure_plate":1,"minecraft:arrow":2,"minecraft:cactus":3,"minecraft:rotten_flesh":1,"minecraft:diamond":1,"minecraft:hay_block":14,"alexsmobs:tarantula_hawk_wing_fragment":1,"minecraft:coal":5,"minecraft:oak_sapling":2,"minecraft:iron_bars":7,"minecraft:cobblestone":29},"minecraft:mined":{"minecraft:cut_sandstone":1,"minecraft:stone_pressure_plate":1,"minecraft:deepslate_diamond_ore":1,"minecraft:jungle_leaves":2,"minecraft:orange_terracotta":12,"minecraft:crafting_table":5,"minecraft:blast_furnace":7,"minecraft:red_sand":2,"minecraft:calcite":3,"minecraft:grass_block":1,"minecraft:jungle_log":6,"minecraft:chest":2,"minecraft:dead_bush":1,"minecraft:cobblestone":28,"minecraft:cartography_table":1,"minecraft:diorite":1,"minecraft:sandstone":16,"minecraft:spawner":2,"minecraft:hay_block":14,"minecraft:lime_bed":6,"minecraft:furnace":4,"minecraft:iron_ore":10,"minecraft:cobbled_deepslate":1,"minecraft:anvil":1,"minecraft:gold_block":1,"minecraft:grass":1,"minecraft:coal_ore":5,"minecraft:oak_log":21,"minecraft:deepslate_iron_ore":10,"minecraft:iron_bars":9,"minecraft:gravel":1,"minecraft:sand":11,"minecraft:stone":3,"minecraft:oak_leaves":3,"minecraft:deepslate":10,"minecraft:fern":1},"minecraft:used":{"minecraft:stone_sword":34,"minecraft:stone_pickaxe":19,"minecraft:shield":4,"minecraft:sandstone":16,"minecraft:iron_sword":46,"minecraft:dirt":1,"minecraft:sand":8,"minecraft:crafting_table":6,"minecraft:lime_bed":8,"minecraft:golden_chestplate":1,"minecraft:iron_axe":24,"minecraft:bread":25,"minecraft:iron_pickaxe":84,"minecraft:jungle_log":1,"minecraft:gravel":1,"minecraft:cobblestone":21,"minecraft:furnace":2,"minecraft:oak_boat":1,"minecraft:cobbled_deepslate":11,"minecraft:orange_terracotta":10,"minecraft:golden_pickaxe":30,"minecraft:golden_axe":34,"minecraft:iron_leggings":1}},"DataVersion":3465}