{"stats":{"minecraft:killed":{"minecraft:zombie":1,"enemyexpansion:direwolf":1},"minecraft:custom":{"minecraft:time_since_rest":10527,"minecraft:open_chest":2,"tombstone:undead_killed":1,"minecraft:sprint_one_cm":45947,"minecraft:play_time":10527,"minecraft:damage_taken":166,"minecraft:walk_one_cm":20211,"minecraft:sneak_time":1,"minecraft:walk_under_water_one_cm":855,"minecraft:mob_kills":2,"minecraft:jump":304,"minecraft:damage_dealt":360,"minecraft:leave_game":2,"minecraft:walk_on_water_one_cm":2535,"minecraft:time_since_death":10527,"minecraft:total_world_time":10527,"minecraft:fly_one_cm":87676,"minecraft:swim_one_cm":10767,"minecraft:fall_one_cm":7632},"minecraft:picked_up":{"minecraft:lime_bed":2,"minecraft:rotten_flesh":1,"minecraft:sand":8,"minecraft:oak_log":11,"minecraft:oak_sapling":1},"minecraft:mined":{"minecraft:oak_log":11,"minecraft:lime_bed":2,"minecraft:dead_bush":1,"minecraft:sand":10},"minecraft:used":{"minecraft:lime_bed":1,"minecraft:bread":4,"minecraft:golden_chestplate":1,"minecraft:golden_axe":16,"minecraft:iron_leggings":1}},"DataVersion":3465}