{"stats":{"minecraft:killed":{"minecraft:zombie":1,"minecraft:iron_golem":1,"enemyexpansion:direwolf":1,"alexsmobs:emu":1},"minecraft:crafted":{"minecraft:oak_planks":44,"minecraft:crafting_table":1,"minecraft:stick":8,"minecraft:iron_pickaxe":1,"minecraft:stone_pickaxe":1,"minecraft:stone_sword":1,"minecraft:gold_ingot":9,"minecraft:golden_pickaxe":1,"minecraft:bread":20,"minecraft:wheat":126},"minecraft:killed_by":{"minecraft:iron_golem":1},"minecraft:custom":{"minecraft:time_since_rest":2369,"minecraft:sprint_one_cm":102602,"minecraft:damage_taken":437,"minecraft:walk_one_cm":65456,"minecraft:mob_kills":4,"minecraft:damage_dealt":1570,"minecraft:swim_one_cm":19477,"minecraft:talked_to_villager":4,"minecraft:interact_with_crafting_table":5,"minecraft:fly_one_cm":199331,"minecraft:open_chest":4,"minecraft:crouch_one_cm":802,"minecraft:deaths":1,"minecraft:play_time":29527,"tombstone:undead_killed":1,"minecraft:sneak_time":624,"minecraft:walk_under_water_one_cm":2998,"minecraft:jump":706,"minecraft:leave_game":2,"minecraft:walk_on_water_one_cm":4058,"minecraft:time_since_death":2868,"minecraft:sleep_in_bed":1,"minecraft:climb_one_cm":247,"minecraft:total_world_time":29527,"minecraft:fall_one_cm":17825},"minecraft:picked_up":{"minecraft:lime_bed":4,"minecraft:crafting_table":2,"minecraft:gold_block":1,"minecraft:sand":8,"minecraft:oak_log":11,"minecraft:cactus":3,"minecraft:rotten_flesh":1,"alexsmobs:emu_feather":1,"minecraft:cartography_table":1,"minecraft:hay_block":14,"minecraft:iron_ingot":3,"minecraft:poppy":1,"minecraft:oak_sapling":1,"minecraft:iron_bars":7,"minecraft:chest":2,"minecraft:cobblestone":26,"minecraft:furnace":2},"minecraft:mined":{"minecraft:hay_block":14,"minecraft:lime_bed":4,"minecraft:furnace":2,"minecraft:crafting_table":2,"minecraft:gold_block":1,"minecraft:oak_log":11,"minecraft:chest":2,"minecraft:iron_bars":9,"minecraft:dead_bush":1,"minecraft:sand":10,"minecraft:cobblestone":26,"minecraft:cartography_table":1},"minecraft:used":{"minecraft:stone_sword":19,"minecraft:stone_pickaxe":6,"minecraft:bread":7,"minecraft:iron_pickaxe":3,"minecraft:cobblestone":5,"minecraft:sand":7,"minecraft:lime_bed":3,"minecraft:crafting_table":3,"minecraft:golden_chestplate":1,"minecraft:golden_axe":24,"minecraft:golden_pickaxe":30,"minecraft:iron_leggings":1}},"DataVersion":3465}