{"stats":{"minecraft:killed":{"alexsmobs:tarantula_hawk":1,"minecraft:spider":4,"enemyexpansion:direwolf":3,"minecraft:skeleton":3,"mowziesmobs:umvuthana_crane":14,"earthmobsmod:albino_cow":3,"mowziesmobs:umvuthana":12,"minecraft:husk":3,"minecraft:pig":1,"minecraft:zombie_villager":1,"minecraft:iron_golem":1,"enemyexpansion:sprinter":1,"mutantmonsters:mutant_skeleton":1,"alexsmobs:emu":3,"enemyexpansion:meature":1,"minecraft:zombie":3,"iceandfire:ghost":2,"enemyexpansion:huntsman":3,"takesapillage:archer":1},"minecraft:crafted":{"minecraft:oak_planks":56,"aether:golden_gloves":1,"minecraft:stone_pickaxe":1,"minecraft:wheat":126,"minecraft:crafting_table":2,"minecraft:iron_sword":1,"minecraft:golden_pickaxe":1,"minecraft:bread":42,"minecraft:air":0,"minecraft:oak_boat":1,"minecraft:iron_chestplate":1,"minecraft:shield":2,"minecraft:stick":12,"minecraft:iron_ingot":10,"minecraft:iron_pickaxe":2,"minecraft:stone_sword":1,"minecraft:gold_ingot":9},"minecraft:dropped":{"minecraft:iron_ingot":7,"minecraft:bread":13,"artifacts:shock_pendant":1,"minecraft:cobblestone":2,"minecraft:leather_helmet":3,"minecraft:stick":3,"minecraft:gold_nugget":4,"minecraft:dark_oak_planks":1,"minecraft:armor_stand":3,"minecraft:bone":4,"minecraft:gravel":2,"minecraft:stone_sword":1,"alexsmobs:tarantula_hawk_wing_fragment":1,"aether:golden_gloves":1,"minecraft:rotten_flesh":1,"minecraft:oak_planks":37,"earthmobsmod:harder_flesh":2,"minecraft:leather_chestplate":1,"minecraft:shield":1,"minecraft:orange_terracotta":1,"minecraft:iron_chestplate":3,"minecraft:oak_sapling":7,"minecraft:leather_leggings":1,"minecraft:arrow":2,"minecraft:red_sand":3,"minecraft:stone_pickaxe":1,"minecraft:cartography_table":1},"minecraft:broken":{"aether:golden_gloves":1,"minecraft:golden_chestplate":1},"minecraft:killed_by":{"minecraft:spider":1,"minecraft:iron_golem":1,"takesapillage:skirmisher":1,"mowziesmobs:umvuthi":2,"minecraft:zombie":1},"minecraft:custom":{"minecraft:mob_kills":68,"minecraft:interact_with_crafting_table":14,"minecraft:open_barrel":5,"minecraft:damage_dealt_resisted":43,"minecraft:eat_cake_slice":5,"minecraft:leave_game":2,"minecraft:time_since_death":1146,"minecraft:climb_one_cm":2395,"minecraft:damage_resisted":45,"minecraft:sprint_one_cm":381895,"minecraft:walk_one_cm":342545,"minecraft:damage_blocked_by_shield":295,"minecraft:drop":48,"minecraft:play_noteblock":2,"minecraft:talked_to_villager":4,"minecraft:play_time":125527,"minecraft:deaths":6,"minecraft:sneak_time":2917,"minecraft:walk_under_water_one_cm":8230,"minecraft:boat_one_cm":31581,"minecraft:jump":2720,"minecraft:walk_on_water_one_cm":11991,"minecraft:total_world_time":125527,"minecraft:interact_with_furnace":9,"tombstone:raider_killed":1,"minecraft:sleep_in_bed":6,"minecraft:time_since_rest":630,"minecraft:damage_taken":3577,"minecraft:damage_dealt":11485,"minecraft:fly_one_cm":607955,"minecraft:swim_one_cm":39378,"minecraft:open_chest":19,"minecraft:crouch_one_cm":3922,"tombstone:undead_killed":18,"minecraft:fall_one_cm":51117},"minecraft:picked_up":{"minecraft:crafting_table":6,"minecraft:iron_chestplate":2,"minecraft:wheat":8,"minecraft:anvil":1,"minecraft:gold_block":1,"minecraft:enchanted_book":1,"minecraft:string":3,"minecraft:armor_stand":3,"minecraft:red_sand":3,"alexsmobs:emu_feather":1,"minecraft:cartography_table":1,"minecraft:cobbled_deepslate":11,"minecraft:poppy":1,"minecraft:chest":2,"minecraft:furnace":4,"minecraft:raw_iron":30,"minecraft:stick":4,"minecraft:sandstone":16,"minecraft:stripped_mangrove_wood":1,"minecraft:porkchop":1,"minecraft:stone_pressure_plate":1,"minecraft:dark_oak_planks":3,"mowziesmobs:umvuthana_mask_faith":2,"minecraft:cactus":3,"minecraft:arrow":2,"minecraft:rotten_flesh":1,"minecraft:diamond_boots":1,"minecraft:hay_block":14,"minecraft:iron_bars":7,"minecraft:cobblestone":29,"minecraft:lime_bed":8,"minecraft:feather":9,"minecraft:jungle_log":6,"minecraft:leather":3,"minecraft:cut_sandstone":1,"minecraft:oak_log":21,"minecraft:dirt":1,"minecraft:orange_terracotta":11,"minecraft:bone":6,"minecraft:iron_ingot":4,"mowziesmobs:umvuthana_mask_misery":1,"minecraft:oak_planks":12,"minecraft:gravel":3,"earthmobsmod:harder_flesh":2,"minecraft:sand":8,"minecraft:blast_furnace":7,"minecraft:leather_helmet":2,"minecraft:diamond":1,"alexsmobs:tarantula_hawk_wing_fragment":1,"minecraft:emerald":1,"minecraft:bread":14,"minecraft:oak_sapling":2,"minecraft:coal":30},"minecraft:mined":{"minecraft:dark_oak_planks":3,"minecraft:waxed_cut_copper_slab":1,"minecraft:stone_pressure_plate":1,"minecraft:spruce_planks":1,"minecraft:stripped_mangrove_log":1,"minecraft:deepslate_diamond_ore":1,"minecraft:jungle_leaves":2,"minecraft:red_sand":2,"minecraft:grass_block":1,"minecraft:stripped_jungle_wood":1,"minecraft:jungle_log":6,"minecraft:mangrove_trapdoor":1,"minecraft:cartography_table":1,"minecraft:sandstone":16,"minecraft:spawner":2,"minecraft:hay_block":16,"minecraft:furnace":4,"minecraft:iron_ore":10,"minecraft:cobbled_deepslate":1,"minecraft:anvil":1,"minecraft:gold_block":1,"minecraft:deepslate_iron_ore":10,"minecraft:iron_bars":9,"minecraft:stone":3,"minecraft:stripped_mangrove_wood":2,"minecraft:cut_sandstone":1,"minecraft:mangrove_stairs":1,"minecraft:orange_terracotta":12,"minecraft:crafting_table":6,"minecraft:blast_furnace":7,"minecraft:calcite":3,"minecraft:chest":2,"minecraft:dead_bush":1,"minecraft:tall_grass":5,"minecraft:cobblestone":28,"minecraft:diorite":1,"minecraft:lime_bed":6,"minecraft:dark_oak_slab":2,"minecraft:grass":24,"minecraft:oak_log":21,"minecraft:coal_ore":29,"minecraft:gravel":1,"minecraft:sand":19,"minecraft:oak_leaves":3,"minecraft:deepslate":10,"minecraft:fern":1},"minecraft:used":{"minecraft:stone_sword":34,"mowziesmobs:umvuthana_mask_misery":1,"minecraft:shield":4,"minecraft:iron_sword":176,"minecraft:dirt":1,"minecraft:golden_chestplate":1,"minecraft:dark_oak_planks":2,"mowziesmobs:umvuthana_mask_faith":1,"minecraft:iron_axe":66,"minecraft:jungle_log":3,"minecraft:furnace":2,"tombstone:gift":2,"minecraft:cobbled_deepslate":11,"minecraft:orange_terracotta":10,"minecraft:iron_leggings":1,"minecraft:golden_axe":34,"minecraft:stone_pickaxe":19,"minecraft:sandstone":16,"minecraft:sand":8,"minecraft:lime_bed":8,"minecraft:crafting_table":7,"minecraft:cake":1,"minecraft:bread":45,"minecraft:iron_pickaxe":110,"minecraft:gravel":1,"minecraft:cobblestone":21,"minecraft:oak_boat":1,"minecraft:golden_pickaxe":30}},"DataVersion":3465}