{"stats":{"minecraft:crafted":{"minecraft:stone_shovel":1,"minecraft:stick":16,"minecraft:jungle_boat":1,"minecraft:wooden_pickaxe":1,"minecraft:stone_pickaxe":1,"minecraft:stone_sword":1,"minecraft:furnace":2,"minecraft:stone_hoe":2,"minecraft:stone_axe":1,"minecraft:bread":17,"minecraft:jungle_planks":44},"minecraft:dropped":{"alexsmobs:animal_dictionary":1},"minecraft:custom":{"minecraft:time_since_rest":13953,"minecraft:interact_with_furnace":4,"minecraft:sprint_one_cm":20368,"minecraft:damage_taken":200,"minecraft:walk_one_cm":45130,"minecraft:drop":1,"minecraft:damage_dealt":10,"minecraft:interact_with_crafting_table":5,"minecraft:fly_one_cm":56048,"minecraft:open_chest":2,"minecraft:crouch_one_cm":3312,"minecraft:play_time":13953,"minecraft:sneak_time":1086,"minecraft:boat_one_cm":17280,"minecraft:jump":220,"minecraft:walk_on_water_one_cm":498,"minecraft:time_since_death":13953,"minecraft:interact_with_smoker":2,"minecraft:total_world_time":13953,"minecraft:climb_one_cm":1857,"minecraft:fall_one_cm":5404},"minecraft:picked_up":{"iceandfire:copper_nugget":14,"minecraft:crafting_table":4,"minecraft:wheat":51,"minecraft:jungle_boat":1,"minecraft:jungle_log":48,"minecraft:oak_fence":1,"minecraft:green_bed":1,"minecraft:potato":14,"minecraft:carrot":28,"minecraft:dirt":4,"minecraft:gold_nugget":18,"minecraft:beetroot_seeds":4,"minecraft:wheat_seeds":131,"minecraft:hay_block":12,"minecraft:jungle_sapling":1,"minecraft:bamboo":13,"iceandfire:silver_nugget":10,"minecraft:cobblestone":46},"minecraft:mined":{"minecraft:hay_block":12,"minecraft:carrots":29,"iceandfire:copper_pile":2,"minecraft:wheat":55,"minecraft:jungle_leaves":2,"minecraft:oak_fence":1,"minecraft:crafting_table":4,"minecraft:grass":1,"minecraft:potatoes":15,"minecraft:grass_block":1,"iceandfire:silver_pile":3,"iceandfire:gold_pile":3,"minecraft:beetroots":4,"minecraft:vine":6,"minecraft:jungle_log":48,"minecraft:dirt":3,"minecraft:tall_grass":1,"minecraft:cobblestone":1,"minecraft:bamboo":2,"minecraft:stone":45,"minecraft:oak_leaves":1,"minecraft:green_bed":1,"minecraft:fern":2},"minecraft:used":{"minecraft:bread":3,"minecraft:stone_pickaxe":51,"minecraft:jungle_log":6,"minecraft:wooden_pickaxe":3,"minecraft:stone_hoe":12,"minecraft:jungle_boat":1,"minecraft:stone_axe":50,"minecraft:dirt":4,"minecraft:crafting_table":3}},"DataVersion":3465}