{"stats":{"minecraft:crafted":{"minecraft:stone_shovel":1,"minecraft:jungle_boat":1,"minecraft:wooden_pickaxe":1,"minecraft:furnace":2,"minecraft:stone_axe":1,"minecraft:bread":53,"minecraft:jungle_planks":44,"minecraft:stick":16,"minecraft:stone_pickaxe":1,"minecraft:stone_sword":1,"minecraft:stone_hoe":2,"minecraft:wheat":108},"minecraft:dropped":{"minecraft:enchanted_book":1,"alexsmobs:animal_dictionary":1,"minecraft:lantern":1,"minecraft:stick":1,"minecraft:item_frame":1,"minecraft:stone_button":3,"tombstone:grave_dust":1},"minecraft:killed_by":{"iceandfire:fire_dragon":1},"minecraft:custom":{"minecraft:interact_with_furnace":4,"minecraft:interact_with_crafting_table":5,"minecraft:open_barrel":12,"minecraft:time_since_death":7461,"minecraft:climb_one_cm":2908,"minecraft:time_since_rest":6569,"minecraft:sprint_one_cm":53216,"minecraft:damage_taken":514,"minecraft:walk_one_cm":87959,"minecraft:drop":7,"minecraft:damage_dealt":70,"minecraft:swim_one_cm":16890,"minecraft:fly_one_cm":126278,"minecraft:open_chest":5,"minecraft:crouch_one_cm":5362,"minecraft:play_time":25953,"minecraft:deaths":1,"minecraft:sneak_time":1631,"minecraft:walk_under_water_one_cm":51,"minecraft:boat_one_cm":17280,"minecraft:jump":502,"minecraft:walk_on_water_one_cm":1843,"minecraft:total_world_time":25953,"minecraft:interact_with_smoker":2,"minecraft:fall_one_cm":10250},"minecraft:picked_up":{"minecraft:charcoal":18,"minecraft:iron_chestplate":1,"minecraft:crafting_table":4,"minecraft:wheat":51,"minecraft:jungle_boat":1,"minecraft:jungle_log":48,"minecraft:potato":14,"minecraft:dirt":5,"minecraft:lantern":2,"minecraft:iron_leggings":1,"minecraft:item_frame":1,"minecraft:armor_stand":4,"minecraft:bone":2,"minecraft:bow":1,"minecraft:wheat_seeds":137,"minecraft:gold_nugget":36,"minecraft:iron_ingot":2,"minecraft:jungle_sapling":1,"minecraft:bamboo":13,"minecraft:iron_boots":2,"minecraft:stick":1,"iceandfire:copper_nugget":28,"minecraft:oak_fence":1,"iceandfire:ash":3,"minecraft:green_bed":1,"minecraft:stone_button":3,"minecraft:carrot":28,"minecraft:dark_oak_planks":1,"minecraft:arrow":7,"minecraft:beetroot_seeds":4,"minecraft:soul_lantern":1,"minecraft:peony":4,"minecraft:iron_helmet":1,"minecraft:hay_block":12,"alexsmobs:emu_egg":2,"iceandfire:silver_nugget":20,"minecraft:cobblestone":47},"minecraft:mined":{"minecraft:dark_oak_planks":1,"minecraft:glass_pane":1,"iceandfire:copper_pile":4,"minecraft:jungle_leaves":2,"minecraft:oak_fence":1,"minecraft:crafting_table":4,"minecraft:grass_block":2,"minecraft:jungle_log":48,"minecraft:dead_bush":2,"minecraft:campfire":12,"minecraft:tall_grass":1,"minecraft:cobblestone":2,"minecraft:hay_block":12,"minecraft:carrots":29,"minecraft:fire":5,"minecraft:wheat":55,"minecraft:white_carpet":1,"iceandfire:ash":3,"minecraft:grass":1,"minecraft:potatoes":15,"iceandfire:silver_pile":6,"minecraft:beetroots":4,"iceandfire:gold_pile":6,"minecraft:vine":6,"minecraft:dirt":3,"minecraft:bamboo":2,"minecraft:stone":45,"minecraft:oak_leaves":1,"minecraft:green_bed":1,"minecraft:fern":2},"minecraft:used":{"alexsmobs:emu_egg":1,"minecraft:stone_sword":2,"minecraft:stone_pickaxe":69,"minecraft:wooden_pickaxe":3,"minecraft:stone_hoe":12,"minecraft:jungle_boat":1,"minecraft:dirt":5,"minecraft:crafting_table":3,"minecraft:jungle_planks":13,"minecraft:dark_oak_planks":1,"minecraft:bread":4,"minecraft:jungle_log":6,"iceandfire:ash":3,"minecraft:stone_axe":62,"tombstone:gift":1}},"DataVersion":3465}