{"stats":{"minecraft:killed":{"friendsandfoes:copper_golem":2,"minecraft:zombie":1},"minecraft:crafted":{"minecraft:stone_shovel":1,"minecraft:jungle_boat":1,"minecraft:wooden_pickaxe":1,"minecraft:furnace":2,"minecraft:stone_axe":1,"minecraft:bread":53,"minecraft:jungle_planks":44,"minecraft:stick":16,"minecraft:stone_pickaxe":1,"minecraft:stone_sword":1,"minecraft:stone_hoe":2,"minecraft:wheat":108},"minecraft:dropped":{"iceandfire:silver_nugget":20,"minecraft:enchanted_book":3,"minecraft:furnace":2,"friendsandfoes:waxed_oxidized_copper_button":2,"minecraft:wheat_seeds":71,"minecraft:iron_nugget":30,"alexsmobs:animal_dictionary":1,"minecraft:crafting_table":1,"minecraft:dark_oak_sapling":1,"minecraft:oak_fence":1,"minecraft:wheat":4,"minecraft:soul_lantern":1,"minecraft:stone_shovel":1,"minecraft:iron_helmet":1,"minecraft:iron_boots":3,"minecraft:lantern":2,"minecraft:jungle_planks":15,"iceandfire:troll_tusk":1,"minecraft:copper_ingot":5,"alexsmobs:emu_egg":1,"minecraft:carrot":28,"minecraft:stick":5,"minecraft:item_frame":1,"minecraft:leather_chestplate":2,"minecraft:potato":14,"minecraft:hay_block":4,"iceandfire:copper_nugget":28,"minecraft:stone_button":3,"minecraft:peony":4,"minecraft:charcoal":18,"minecraft:beetroot_seeds":4,"minecraft:gold_nugget":41,"minecraft:arrow":7,"tombstone:grave_dust":1,"minecraft:jungle_sapling":1,"minecraft:wooden_pickaxe":1,"minecraft:stone_pickaxe":1,"minecraft:jungle_boat":1,"minecraft:oxidized_copper":1,"iceandfire:manuscript":15,"minecraft:stone_hoe":1},"minecraft:killed_by":{"iceandfire:fire_dragon":1},"minecraft:custom":{"minecraft:interact_with_furnace":5,"minecraft:mob_kills":3,"minecraft:interact_with_crafting_table":5,"minecraft:open_barrel":13,"minecraft:time_since_death":19461,"minecraft:sleep_in_bed":1,"minecraft:climb_one_cm":4540,"minecraft:time_since_rest":8528,"minecraft:sprint_one_cm":76793,"minecraft:damage_taken":759,"minecraft:walk_one_cm":121901,"minecraft:drop":49,"minecraft:damage_dealt":648,"tombstone:cast_on_ally":0,"minecraft:swim_one_cm":16890,"minecraft:fly_one_cm":183882,"minecraft:open_chest":13,"tombstone:undead_killed":1,"minecraft:crouch_one_cm":6511,"minecraft:play_time":37953,"minecraft:deaths":1,"minecraft:sneak_time":2224,"minecraft:walk_under_water_one_cm":51,"minecraft:boat_one_cm":17280,"minecraft:jump":733,"minecraft:walk_on_water_one_cm":2297,"minecraft:total_world_time":37953,"minecraft:interact_with_smoker":2,"minecraft:fall_one_cm":18458},"minecraft:picked_up":{"minecraft:charcoal":36,"minecraft:iron_chestplate":1,"minecraft:crafting_table":5,"minecraft:wheat":51,"minecraft:jungle_boat":2,"minecraft:oxidized_copper":1,"minecraft:redstone_lamp":2,"minecraft:jungle_log":48,"minecraft:wooden_pickaxe":1,"minecraft:potato":28,"iceandfire:manuscript":15,"minecraft:dirt":5,"minecraft:lantern":2,"minecraft:iron_leggings":1,"minecraft:item_frame":1,"minecraft:armor_stand":8,"minecraft:bone":2,"minecraft:bow":2,"minecraft:wheat_seeds":272,"minecraft:gold_nugget":120,"minecraft:iron_ingot":2,"minecraft:jungle_sapling":2,"minecraft:bamboo":26,"minecraft:stone_hoe":1,"minecraft:iron_boots":4,"minecraft:furnace":2,"friendsandfoes:oxidized_lightning_rod":1,"minecraft:stick":1,"iceandfire:copper_nugget":56,"iceandfire:troll_tusk":1,"minecraft:copper_ingot":5,"minecraft:oak_fence":2,"iceandfire:ash":3,"minecraft:green_bed":2,"minecraft:jungle_planks":15,"minecraft:stone_button":3,"minecraft:carrot":56,"minecraft:dark_oak_planks":1,"minecraft:stone_shovel":1,"minecraft:arrow":14,"minecraft:stone_axe":1,"minecraft:beetroot_seeds":8,"minecraft:soul_lantern":1,"minecraft:peony":4,"minecraft:diamond_boots":1,"minecraft:iron_helmet":1,"minecraft:hay_block":16,"alexsmobs:emu_egg":2,"minecraft:coal":14,"friendsandfoes:waxed_oxidized_copper_button":2,"minecraft:bone_block":16,"iceandfire:silver_nugget":40,"minecraft:cobblestone":47},"minecraft:mined":{"minecraft:dark_oak_planks":1,"minecraft:glass_pane":1,"iceandfire:copper_pile":4,"minecraft:jungle_leaves":10,"minecraft:oak_fence":1,"minecraft:crafting_table":4,"friendsandfoes:oxidized_lightning_rod":1,"minecraft:oxidized_copper":1,"minecraft:grass_block":2,"minecraft:jungle_log":48,"minecraft:dead_bush":2,"minecraft:campfire":12,"minecraft:tall_grass":1,"minecraft:cobblestone":2,"minecraft:hay_block":16,"minecraft:carrots":29,"minecraft:fire":5,"minecraft:wheat":55,"minecraft:white_carpet":1,"iceandfire:ash":3,"minecraft:grass":1,"minecraft:potatoes":15,"iceandfire:silver_pile":6,"minecraft:beetroots":4,"iceandfire:gold_pile":13,"minecraft:vine":6,"minecraft:dirt":3,"minecraft:bamboo":2,"minecraft:stone":45,"minecraft:bone_block":18,"minecraft:redstone_lamp":2,"minecraft:oak_leaves":2,"minecraft:green_bed":1,"minecraft:fern":2},"minecraft:used":{"alexsmobs:emu_egg":1,"minecraft:stone_sword":6,"minecraft:bundle":1,"minecraft:stone_pickaxe":69,"minecraft:diamond_hoe":4,"minecraft:wooden_pickaxe":3,"minecraft:iron_sword":8,"minecraft:stone_hoe":12,"minecraft:jungle_boat":1,"minecraft:dirt":5,"minecraft:crafting_table":3,"minecraft:jungle_planks":13,"minecraft:dark_oak_planks":1,"minecraft:bread":10,"minecraft:iron_pickaxe":32,"minecraft:jungle_log":6,"iceandfire:ash":3,"minecraft:bow":7,"minecraft:stone_axe":62,"tombstone:gift":1}},"DataVersion":3465}