{"stats":{"minecraft:killed":{"iceandfire:fire_dragon":1,"friendsandfoes:copper_golem":2,"minecraft:zombie":1},"minecraft:crafted":{"minecraft:stone_shovel":1,"minecraft:furnace":2,"minecraft:stone_pickaxe":1,"minecraft:stone_hoe":2,"minecraft:wheat":108,"minecraft:jungle_boat":1,"minecraft:wooden_pickaxe":1,"minecraft:stone_axe":1,"minecraft:bread":53,"minecraft:jungle_planks":44,"minecraft:stick":16,"minecraft:stone_sword":1},"minecraft:dropped":{"minecraft:stone_hoe":1,"minecraft:enchanted_book":3,"minecraft:iron_sword":2,"iceandfire:raw_silver":1,"friendsandfoes:waxed_oxidized_copper_button":2,"minecraft:wheat_seeds":71,"minecraft:crafting_table":1,"minecraft:dark_oak_sapling":1,"minecraft:oak_fence":1,"minecraft:iron_helmet":2,"minecraft:lantern":2,"minecraft:jungle_planks":15,"minecraft:copper_ingot":5,"minecraft:emerald":4,"minecraft:item_frame":1,"minecraft:stick":5,"minecraft:stone_button":3,"iceandfire:copper_nugget":28,"tombstone:grave_dust":1,"minecraft:jungle_sapling":1,"minecraft:gold_nugget":59,"minecraft:white_banner":1,"minecraft:jungle_boat":1,"minecraft:oxidized_copper":1,"iceandfire:silver_nugget":20,"minecraft:furnace":2,"minecraft:iron_nugget":30,"minecraft:stone_sword":1,"alexsmobs:animal_dictionary":1,"minecraft:wheat":4,"minecraft:soul_lantern":1,"minecraft:stone_shovel":1,"minecraft:iron_boots":3,"iceandfire:troll_tusk":1,"alexsmobs:emu_egg":1,"minecraft:carrot":28,"minecraft:leather_chestplate":2,"minecraft:potato":14,"minecraft:hay_block":4,"minecraft:peony":4,"iceandfire:chared_cobblestone":2,"minecraft:iron_chestplate":2,"minecraft:charcoal":18,"minecraft:beetroot_seeds":4,"minecraft:leather_leggings":2,"minecraft:arrow":7,"minecraft:stone_pickaxe":1,"minecraft:wooden_pickaxe":1,"minecraft:vex_armor_trim_smithing_template":2,"iceandfire:manuscript":15},"minecraft:killed_by":{"minecraft:skeleton":1,"iceandfire:fire_dragon":1},"minecraft:custom":{"minecraft:mob_kills":5,"minecraft:interact_with_crafting_table":5,"minecraft:open_barrel":14,"minecraft:time_since_death":229,"minecraft:climb_one_cm":4540,"minecraft:sprint_one_cm":101462,"minecraft:walk_one_cm":149921,"minecraft:drop":63,"minecraft:play_time":49953,"minecraft:deaths":2,"minecraft:sneak_time":2364,"minecraft:walk_under_water_one_cm":116,"minecraft:boat_one_cm":17280,"minecraft:jump":1051,"minecraft:walk_on_water_one_cm":2741,"minecraft:total_world_time":49953,"minecraft:interact_with_furnace":5,"minecraft:sleep_in_bed":1,"minecraft:time_since_rest":1,"minecraft:damage_taken":1204,"minecraft:damage_dealt":1998,"tombstone:cast_on_ally":0,"minecraft:swim_one_cm":16890,"minecraft:fly_one_cm":237810,"minecraft:open_chest":18,"minecraft:crouch_one_cm":6794,"tombstone:undead_killed":1,"minecraft:interact_with_smoker":2,"minecraft:fall_one_cm":26808},"minecraft:picked_up":{"minecraft:charcoal":36,"minecraft:crafting_table":5,"minecraft:iron_chestplate":2,"minecraft:wheat":51,"minecraft:leather_leggings":1,"minecraft:redstone_lamp":2,"minecraft:wooden_pickaxe":1,"iceandfire:armor_gray_leggings":1,"iceandfire:manuscript":15,"minecraft:iron_leggings":1,"minecraft:armor_stand":8,"minecraft:item_frame":1,"minecraft:gold_nugget":180,"minecraft:jungle_sapling":2,"minecraft:iron_boots":4,"minecraft:furnace":2,"minecraft:stick":1,"iceandfire:dragonbone":3,"iceandfire:troll_tusk":1,"minecraft:oak_fence":2,"minecraft:copper_ingot":5,"minecraft:green_bed":2,"minecraft:stone_button":3,"minecraft:carrot":56,"minecraft:dark_oak_planks":1,"minecraft:arrow":14,"minecraft:stone_shovel":1,"minecraft:beetroot_seeds":8,"minecraft:peony":4,"iceandfire:chared_dirt":1,"minecraft:diamond_boots":1,"minecraft:hay_block":16,"iceandfire:fire_dragon_heart":1,"alexsmobs:emu_egg":2,"friendsandfoes:waxed_oxidized_copper_button":2,"minecraft:bone_block":16,"minecraft:cobblestone":47,"minecraft:jungle_boat":2,"minecraft:oxidized_copper":1,"minecraft:jungle_log":48,"minecraft:potato":28,"minecraft:dirt":8,"minecraft:lantern":2,"minecraft:white_banner":1,"minecraft:bone":2,"minecraft:bow":2,"minecraft:wheat_seeds":272,"iceandfire:armor_gray_chestplate":1,"minecraft:iron_ingot":2,"minecraft:bamboo":26,"minecraft:iron_sword":1,"minecraft:stone_hoe":1,"iceandfire:copper_nugget":56,"friendsandfoes:oxidized_lightning_rod":1,"iceandfire:ash":4,"iceandfire:dragon_skull_fire":1,"minecraft:jungle_planks":15,"iceandfire:chared_cobblestone":2,"minecraft:stone_axe":1,"minecraft:soul_lantern":1,"minecraft:iron_helmet":2,"iceandfire:chared_gravel":1,"iceandfire:silver_nugget":40,"minecraft:coal":14,"iceandfire:raw_silver":1},"minecraft:mined":{"minecraft:dark_oak_planks":1,"iceandfire:silver_ore":1,"iceandfire:copper_pile":4,"minecraft:jungle_leaves":10,"minecraft:grass_block":6,"friendsandfoes:oxidized_lightning_rod":1,"minecraft:jungle_log":48,"iceandfire:chared_dirt":1,"minecraft:hay_block":16,"minecraft:carrots":29,"minecraft:fire":5,"iceandfire:chared_gravel":1,"minecraft:potatoes":15,"minecraft:vine":6,"iceandfire:gold_pile":23,"minecraft:bamboo":2,"minecraft:stone":45,"minecraft:bone_block":18,"iceandfire:chared_cobblestone":2,"minecraft:green_bed":1,"minecraft:glass_pane":1,"minecraft:oak_fence":1,"minecraft:crafting_table":4,"minecraft:oxidized_copper":1,"minecraft:dead_bush":2,"minecraft:campfire":12,"minecraft:tall_grass":2,"minecraft:cobblestone":2,"minecraft:wheat":55,"minecraft:white_carpet":1,"iceandfire:ash":3,"minecraft:grass":5,"iceandfire:silver_pile":6,"minecraft:beetroots":4,"minecraft:dirt":3,"minecraft:oak_leaves":2,"minecraft:fern":2,"minecraft:redstone_lamp":2},"minecraft:used":{"alexsmobs:emu_egg":1,"minecraft:stone_sword":6,"minecraft:diamond_hoe":4,"minecraft:iron_sword":40,"minecraft:stone_hoe":12,"minecraft:dirt":7,"minecraft:jungle_planks":13,"minecraft:dark_oak_planks":1,"minecraft:jungle_log":6,"minecraft:bow":7,"tombstone:gift":1,"minecraft:bundle":1,"minecraft:stone_pickaxe":69,"minecraft:wooden_pickaxe":3,"minecraft:jungle_boat":1,"minecraft:crafting_table":3,"minecraft:bread":16,"minecraft:iron_pickaxe":45,"iceandfire:ash":3,"minecraft:stone_axe":63,"iceandfire:chared_gravel":1}},"DataVersion":3465}